name,lat,lon,image_path
Cà Phê Maxx,21.0377829,105.7721686,
Phòng Tập Monkey Boxing,21.0186117,105.8565768,
Nhà Hàng Moto-san,21.0254125,105.8577493,
Cửa Hàng Ăn Nhanh M' Tacos,21.0724216,105.8144173,
Cửa Hàng Mỹ Phẩm Michelia Beauty,21.0200885,105.8437061,
Siêu Thị Minh Đức Green,20.9706077,105.8296484,
Cửa Hàng Mỹ Phẩm Nail Kitchen,21.0329321,105.8463993,
Khách Sạn Moon View,21.042821,105.8428755,
Khách Sạn New Sky Airport,21.2148821,105.7813644,
Khách Sạn Morning Star,21.0317073,105.8507545,
Khách Sạn Và Spa Matilda Boutique,21.0345574,105.8535202,
Nhà Khách May De Ville Backpacker,21.0342697,105.8520063,
Khách Sạn Little Hanoi Diamond,21.033677,105.8476149,
Khách Sạn Luxury,21.0300134,105.8481407,
Khách Sạn Mimi,21.020348,105.8007275,
Khách Sạn Maison D'Hanoi,21.0311045,105.8494873,
VIET VILLAGE HOTEL,21.204441,105.8302191,
Cà Phê La Ka,21.0160294,105.8211463,
Quán Bar Ler Mer Lounge,21.0302993,105.8563024,
Nhà Hàng King BBQ,21.0362704,105.7613852,
Nhà Hàng Kường Nga,21.0291735,105.836737,
Cà Phê Lack Tack,21.0005082,105.7841509,
Làng Bia Quán Mộc,21.0397465,105.8651749,
Nhà Hàng Kalí,21.0538498,105.8339407,
Highlands Coffee,21.0335695,105.7701189,
SNOW BEACH CAFE,21.0700866,105.8229309,
The Little Plan café - Kế Hoạch Nhỏ café,21.0299293,105.8477946,
Cà Phê Cosa Nostra,21.0255087,105.8579872,
Trung Tâm Đào Tạo Quốc Tế CIE-PTIT,20.9807057,105.7874957,
Nhà Hàng Củi,21.0191661,105.8259313,
Studio Đào Anh Khánh,21.0618285,105.8665701,
Công An Phường Quảng An,21.0656439,105.8247815,
Hóa Chất TMC Việt Nam,21.0335339,105.9009592,
Cửa Hàng Làm Tóc Lee,20.96419,105.826455,
Hico Trung Tâm Mua Sắm Online Uy Tín,21.0171575,105.8047926,
Quán Rượu La Martiniquaise,21.0596852,105.8674798,
Laptop Thảo Linh - Chuyên Laptop Xách Tay Mỹ,21.0065345,105.8273951,
Hazu Shop,21.0348579,105.7728934,
Công Ty Cổ Phần Quốc Tế Homefarm,20.998486,105.8208389,
Du Lịch Hanoi Street Food Tour,21.0339986,105.8521332,
FPT Shop,21.0106611,105.837706,
Cửa Hàng Thẩm Mỹ Dr Pluscell,20.999642,105.8703136,
nhóm 6,21.0837529,105.7768861,
nội thất Thảo Nguyên,21.0817152,105.7845694,
trà sơn,21.0818606,105.7842655,
Nhà Khách Happy Moon,21.0382343,105.8470258,
Khách Sạn La Dolce Vita,21.0338037,105.8489454,
Nhà Nghỉ Kirsty Place,21.0583858,105.8361575,
Khách Sạn Nam Hải,21.0312401,105.8472175,
Khách Sạn Indochina Queen II,21.0346204,105.8481915,
Khách Sạn Hà Nội 123,21.0265829,105.8424048,
Khách Sạn Hanoi Traveller,21.0318635,105.8483885,
Khách Sạn Hanoi Spark,21.0323652,105.8547395,
Khách Sạn Hanoi Old Quarter Boutique,21.0368593,105.8524202,
Khách Sạn Hanoi Old Town,21.036835,105.8497883,
Khách Sạn Hanoi Orchid,21.0327409,105.8539635,
Khách Sạn Hanoi Rocks,21.0359034,105.8499502,
Khách Sạn Golden Snake,21.0292494,105.8481334,
Khách Sạn Hanoi Backpackers,21.0293871,105.8480711,
Khách Sạn Hanoi Holiday Silver,21.0295372,105.8488609,
Nhà Khách Green Hanoi Backpackers,21.0294153,105.8489147,
Khách Sạn Green Park,21.0171605,105.848638,
Khách Sạn Golden Lotus,21.0308292,105.8493639,
Khách Sạn Hanoi Cozy 2,21.0327548,105.8537342,
Khách Sạn Hanoi Gecko 2,21.0334005,105.85244,
Khách Sạn Hà Nội Emerald,21.0339948,105.8535544,
Khách Sạn Hanoi Elegance,21.0314996,105.854844,
Khách Sạn Hanoi Eclipse,21.0328812,105.8495832,
Khách Sạn Hanoi Charm,21.032895,105.8501494,
Khách Sạn Green Street,21.0356102,105.8533151,
Khách Sạn Hanoi Focus,21.0328135,105.8500162,
Khách Sạn Backpackers Downtown,21.036097,105.8532381,
Nhà Khách Hanoi Culture,21.034931,105.8474364,
Khách Sạn Green Diamond,21.0340919,105.8515126,
Khách Sạn Golden Sunrise,21.0314747,105.850246,
Khách Sạn Golden LakeView,21.0315942,105.8507125,
Nhà Khách Madam Moon 2,21.0315703,105.8506713,
Khách Sạn Golden Time 2,21.0307922,105.8547077,
Khách Sạn Hanoi Heart,21.0327685,105.8504022,
Khách Sạn Hanoi Golden Moon,21.0327085,105.8545846,
Nhà Khách Hanoi Brother Inn,21.0336722,105.8474267,
Khách Sạn Golden Wings,21.0340122,105.8532958,
Khách Sạn Hanoi Moment,21.0346758,105.8497899,
Khách Sạn Golden Sun Palace,21.0326664,105.8496242,
Nhà Khách Hanoi Lucky,21.0352497,105.847496,
Khách Sạn Hanoi Bella Rosa,21.0321562,105.8533235,
Khách Sạn Hanoi A1,21.0320927,105.8536784,
Khác Sạn Cocoon Inn,21.0355063,105.8503886,
Chợ Đêm,21.0332192,105.8523763,
Cháo Lòng Phố Cổ,21.0360382,105.8520965,
Cà Phê Gia Đình,21.049061,105.8831298,
Công Ty TNHH IZISolution,21.0297845,105.7850495,
Bưu Điện Phụng Châu,20.9488979,105.7070441,
Bưu Điện Lò Đúc,21.0132818,105.8577703,
Bưu Cục Vân Hồ,21.0103393,105.8464544,
Bưu Cục Giải Phóng,20.9832502,105.8414593,
Bưu Điện Khương Đình,20.9976955,105.8134581,
Nhà Hàng Bò Đội Nón,21.0367552,105.7941995,
Nhà Hàng Bia Hơi Hải Xồm,20.9707625,105.841471,
BIDV,21.029287,105.8570931,
Nhà Hàng Ầu Ơ Bếp Việt,21.0213654,105.8566874,
Trạm xăng dầu Sông Hồng,21.0014988,105.7989816,
Cà Phê Arena,20.9973687,105.8367015,
Cát Bà Express Tours & Bus,21.0333109,105.8545699,
Sâm Ngọc Linh Á Châu,21.0185585,105.7947583,
Khách Sạn Blue Star,21.0336734,105.8474742,
Khách Sạn Boss,21.0314436,105.8552453,
Khách Sạn Box,21.03609,105.8525434,
Khách Sạn Bamboo,21.0331185,105.8537687,
Khách Sạn Bạch Tùng Điệp,21.0329471,105.847996,
Khách Sạn Asian Ruby,21.0346357,105.852058,
Khách Sạn B&B,21.0322584,105.8549018,
Khách Sạn Âu Cơ Art Classic,21.0295393,105.8481716,
Khách Sạn Asia Palace,21.0324639,105.8544065,
Khách Sạn Art Boutique,21.0323445,105.8469581,
Khách Sạn Asia Backpacker,21.0339514,105.8516392,
Khách Sạn A25,21.0331192,105.8477167,
Nhà hàng cô tô,21.0184654,105.7932361,
Tấm cuisine & Traditional house,21.0636852,105.8655285,
Nhà Hàng CEMBEER,21.0411155,105.7752832,
Bánh Tráng Phú Cường Cơ Sở 3,20.9794509,105.7856786,
rạp chiếu phim CGV,21.0066054,105.7953667,
Nhận Chở Hàng 0983 420420,20.9820138,105.8353257,
Nội thất smile house,21.0819895,105.783933,
VinFast,21.0549624,105.8894633,
Trung Barber Shop,21.0058366,105.8458321,
Cửa hàng bán và giới thiệu sản phẩm Vinataba,21.0216754,105.8555078,
Ngọc Thịnh,21.0129224,105.8321308,
Ô mai Hồng Lam Cầu Giấy,21.0321808,105.7990705,
McDonald's,21.0063873,105.7952432,
Cà Phê Kafa,21.0378611,105.8010007,
Ramen Mikado,21.0293053,105.8084678,
bún đậu,21.0724541,105.7728491,
V9-Hồng Béo(Bún),21.0626014,105.7803246,
Vietcombank,21.0222459,105.8057342,
Gogi House,21.0101288,105.836301,
Time Coffee,21.0142507,105.8313879,
Techcombank,20.9681823,105.8271861,
Nghĩa trang liệt sỹ xã Đông Hội,21.0805036,105.8730278,
V19-Bún chả Hàng Mành,21.0636459,105.7797417,
V22-Nắng,21.0639172,105.7796129,
Circle K,20.9628455,105.7948242,
Ô mai Hồng Lam Trường Chinh,21.0026244,105.8214622,
Đầm bầu Mom Baby,21.0090245,105.8348617,
G.garage,21.0182697,105.828924,
Shop Hàng hiệu,21.0686809,105.7616008,
Bảo tàng Địa chất Việt Nam,21.0235524,105.8587723,
L7 Hotels by Lotte West Lake Hanoi,21.0748062,105.8123756,
Bảo tàng Binh chủng Thông tin liên lạc,21.0303429,105.8266305,
nhà trọ 3,21.070649,105.7737921,
Nhà carot,21.0886548,105.8006979,
Trạm xăng dầu số 39,20.9955216,105.7492787,
InterContinental Hanoi Landmark72,21.0169899,105.7836904,
Cadilas Landmark72 Royal Residence,21.0169464,105.7842571,
Circle K,21.0016115,105.8465426,
Khách Sạn Golden Diamond,21.0391927,105.8511387,
Wakanda Store,21.0107422,105.814186,
The Pizza Company,20.9634342,105.8253655,
Tops Market,20.9998667,105.8286292,
Sacombank,21.0232843,105.8528219,
Cắt tóc Đình Anh,21.0456611,105.8025603,
Cửa hàng Vân Dũng,21.045626,105.8025602,
Khách Sạn Lele & Frog,21.0297333,105.844296,
Tung's Kitchen,21.0313543,105.8489788,
Sadhu,21.0255335,105.8424463,
Chùa Mỗ Lao,20.9764033,105.7805346,
Xưởng In Thun Việt - ThunVietJSC,21.0105485,105.8146871,
Chùa Đại Từ,20.9701715,105.8304736,
PGD Ngân Hàng Quốc Tế VIB,20.9759557,105.8361102,
Quán Ăn Huế Nam Giao,21.038469,105.7917348,
Ngân Hàng Sài Gòn - Hà Nội SHBank,21.0144563,105.8041457,
Patisserie Lapin,21.0139948,105.8036897,
Nhà hàng an viên,21.0234453,105.8042728,
Trà sữa Royal Tea,21.023452,105.8042012,
Nhà thờ Hoàng Thôn,21.0584872,105.7833981,
Quán bia Hà Nội,21.018957,105.8026611,
Sinh Cafe,21.0384964,105.7930323,
ViettelPost,20.9740337,105.8357819,
Quán Bia Dương Tàu,21.0082769,105.8084488,
Nhà hàng Samwon,21.0223566,105.7883168,
Nhà sách xưa và nay,21.0161004,105.8047012,
Phu Hoa,21.0334478,105.8500291,
cafe tưởng tượng,21.0728821,105.7731656,
Nhà Thuốc Tâm An,21.0380968,105.7929932,
Nhà hàng Hải Xồm,21.0458879,105.8026162,
Quán nhậu Tuấn Râu,21.0459733,105.8035611,
Ngan chặt Gia Huy,21.0459733,105.8035235,
Đài Phát Thanh,20.9490449,105.7072565,
TrueMoney Vay,21.0459744,105.8049367,
Kiên Được,21.0459735,105.8046137,
Nhôm kính Mạnh Hùng,21.0459213,105.8048883,
Ngọc Đức,21.0459737,105.8048478,
Showroom Cao Minh,21.0459742,105.8047377,
Rạng Đông,21.0459742,105.8046724,
Vật liệu xây dựng Tiến Thịnh,21.045974,105.8044961,
Đại lý Song Sơn,21.0459735,105.804402,
Minh Ngọc,21.0459735,105.8042882,
Đồng hồ Oanh Chuyền,21.0459735,105.8042065,
Điện máy Đức Cường,21.0459738,105.8041744,
Điện máy Đức Cường,21.0459735,105.8043174,
Kangaroo,21.0459734,105.803735,
Home Cooking Group,21.0459734,105.8038043,
F99,21.0459743,105.8048877,
Vinalight,21.0459735,105.8042512,
Cửa hàng Hoà Khánh,21.0459734,105.8040832,
Đại lý Nam Sơn,21.0459734,105.8038863,
Sàn gỗ Rainforest,21.0459733,105.8037032,
Vietlott,21.0459733,105.8034261,
Hoá chất - Thiết bị thí nghiệm,21.0459733,105.8033998,
ShikiMart,21.0161962,105.8512238,
Lộc Phúc Fine Jewelry,21.0162679,105.8512883,
Nem Phùng - Nem Chua,21.0167316,105.8511645,
C's Clinic,21.016561,105.850975,
Hòa - Sửa chữa quần áo,21.0165999,105.8509937,
Dzung Biez,21.0163234,105.8512156,
Triumph,21.0166883,105.8512317,
Áo dài Vân Anh,21.0167369,105.8512418,
Oanh Oanh,21.016697,105.8511129,
Carat Fine Jewelry & Diamond,21.0166987,105.851072,
Lanh Việt Thắng,21.0167418,105.851045,
Hương Erza,21.016691,105.8510182,
Vàng Kim Hồng Phát,21.0167277,105.8509909,
Nhà may Yến Minh,21.0167254,105.8509566,
Sunshine Palace,21.0350341,105.8533618,
420 Lab,21.0377422,105.8268264,
Moji,21.0182701,105.8494932,
Bloom Spa,21.0184396,105.8495207,
nhà hàng thịnh lùn,21.0231862,105.6179343,
Old Propaganda Posters,21.0338375,105.8536598,
Cafe Lộc,21.0152983,105.8510077,
Phở Vân Anh,21.015401,105.851015,
Nét Huế,21.0154954,105.8510453,
KOPee coffee,21.0152379,105.8512803,
Trường Mầm non Mỹ Đình 1,21.0220567,105.7751898,
Dear Peonia,21.0152514,105.8511945,
Liberty Perfume & Cosmetics,21.0152493,105.8511219,
Tống đại lỹ Xổ số Hà Nội 18,21.0152427,105.8510359,
September 7th,21.015279,105.8513445,
Zema Beauty & more,21.0153181,105.8513405,
The Skin Master,21.0155422,105.8510471,
Mesa Bakery & Coffee,21.0155041,105.8512958,
Vissan,21.0152423,105.8513967,
Ô mai Hồng Lam Hàng Than,21.0404928,105.8475335,
GS25,21.008689,105.8380821,
PNJ,21.0355601,105.7929013,
FPT shop,21.0365124,105.7901582,
Bia Hơi Xuân Thành,21.0411272,105.8008548,
McDonald's,21.0093729,105.8236546,
The Coffee House,21.0090373,105.8237962,
Vietcombank,21.0095218,105.8234009,
The East,21.0297293,105.8441279,
thịt mát MEAT - DELI,20.9861094,105.8100306,
WinMart+,21.0188349,105.8045908,
shop bán túi xách siêu cấp,20.9825106,105.8102709,
Nhung Hươu Việt,20.9828411,105.8100692,
Workshop Candles - 268 Vũ Miên,21.0531914,105.8356506,
Techcombank,21.0324075,105.7888379,
Đền Hai Bà Trưng,21.012183,105.8552674,
Đình Chèm (Đền Chèm),21.0940725,105.7742369,
Đền Voi Phục,21.0306583,105.8042292,
VPBank,21.01615,105.8151755,
Workshop Candles - 81B Mai Hắc Đế,21.0137551,105.8510835,
Nha khoa Parkway,21.0102575,105.8513542,
Phở Gà Ta,21.010364,105.8514359,
Bò Nhúng Dấm,21.0104074,105.851454,
Bami King,21.0104206,105.8509438,
Hao Chi - Dimsum Taipei,21.0103899,105.8511899,
Nhà hàng Tuấn Hải,21.0103513,105.8508881,
The Oasis,21.0611067,105.8320611,
Abay.vn,21.0103102,105.8513748,
Đại lý quạt Phú Cường,21.0104073,105.8513765,
Đại lý quạt Thanh Huyền,21.0104125,105.851323,
CNES,21.0103852,105.8512738,
Hieuparis,21.0101049,105.8513464,
Ha' Chic Design,21.010395,105.85107,
Rubies,21.0104166,105.8510325,
Anh Phát Made in Vietnam,21.0102303,105.8509323,
Q Bar,21.0174741,105.7842953,
Dr. Allen Chiropractic,21.0096816,105.8512894,
Bún Ốc Chúc Thúy,21.0094979,105.8508568,
Nhà thuốc Phương Chính,21.0095477,105.8508597,
SYM Hà Quỳnh 2,21.0098045,105.8512652,
Huong's Jewellery,21.01006,105.8512026,
Pham Kieu Trang,21.0094395,105.8512868,
Goldie,21.0094769,105.8512961,
Vĩnh Long Gallery,21.010054,105.8513401,
Bò khô Phương Dung,21.0395747,105.8478477,
Vitavet,21.0395384,105.8478627,
Bò khô Hiệu 22,21.0394512,105.847899,
Bò khô Mỹ Hương,21.0394173,105.8479131,
Quẩy Tuyết,21.0393191,105.8479539,
Bà Hoa Lẩu nướng,21.0392252,105.847993,
Trạm Y tế phường Hàng Mã,21.039512,105.8472708,
Nhà hàng Thanh Thủy,21.0392339,105.8472545,
Lẩu dê Nhất Ly,21.0391463,105.8472791,
Long Wang,21.0390195,105.847282,
Nhà thờ họ Hoa Văn,21.0621324,105.7815484,
Nhà hàng Quả Trám,21.0388009,105.8467214,
Lươn đồng xứ Nghệ,21.0387025,105.846697,
Bò nầm nướng Puka,21.0394486,105.8470389,
Nhà hàng Đồng Đội,21.0391319,105.8467824,
Mộng Cook,21.03933,105.8470307,
"Bún đậu, giả cày",21.0394364,105.8468471,
Chả cá lăng Toàn Xuân,21.0393909,105.8468359,
Dung Hoà,21.0393663,105.8470331,
NCB,21.039056,105.8470388,
Phòng khám Tràng An,21.0390173,105.8470388,
Cửa hàng Mai Phương,21.0392082,105.847043,
Nhà hàng Bít tết Ngọc Hiếu,21.0388393,105.8470315,
Yummy,21.0387351,105.8470195,
Gấu Bông,21.0395989,105.8478376,
Quang Lợi,21.039375,105.8479307,
Hương VIP,21.0395798,105.8472692,
Xuan Fashion,21.0394505,105.8472722,
Shop Huyền Linh,21.0393908,105.8472735,
"Dây lưng, ví da",21.0392977,105.8472548,
Huy Bontique,21.0392715,105.8472547,
8mobile,21.0397025,105.8477945,
Linh Nhi,21.0396424,105.8478178,
Bin's Shop,21.039623,105.8478258,
Tra My Beauty & Spa,21.0094381,105.8507911,
Elyby,21.0091023,105.8512681,
Thời Trang Gia Đình VT,21.0093495,105.8507806,
Cửa hàng Thuỷ Khế,21.0393,105.8470307,
Pullman - W.M. Store,21.0391097,105.8470397,
Yen Closet,21.0392752,105.8470297,
Sửa xe Ngọc Hậu,21.0394842,105.8468566,
Fresh Garden,21.038922,105.8470361,
Benrick Boutique,21.0392445,105.8470282,
Novida,21.0391594,105.8470412,
Mỹ phẩm Authentic,21.0389807,105.8470376,
Pan Pan,21.0096019,105.8505714,
Onion Phụ Kiện,21.0096687,105.8505637,
Quin Hair,21.0096967,105.850633,
Khách sạn An,21.0396246,105.8477139,
Hà Nội Posh Boutique,21.0398034,105.8477526,
Bảo tàng Tố Hữu,21.0398614,105.7938659,
Nhà thuốc Phương Chính,21.0098826,105.8505521,
Bánh Mì Giò Chả Dũng Hạnh,21.0098397,105.8500823,
Midori House,21.0098004,105.8501165,
Viettel Post,21.0097723,105.8503157,
Lynh's Coffee & Tea,21.0094738,105.8504406,
Bún Chả Chan,21.0102216,105.8506706,
Sữa Chua Trân Châu Hạ Long,21.0103921,105.8504462,
Kafa Café,21.0105038,105.8494406,
Ba Ba Sơn Đông,21.0346219,105.7888949,
Cá Thùy Linh,21.0345704,105.7888821,
Bún Chả Sinh Từ,21.0346716,105.7889104,
Ah Ma Handmade,21.0100476,105.8499778,
Gia Linh Coffee & Juice,21.0104764,105.8498429,
Bống Cafe & Juice,21.0104947,105.8497903,
Coffee Hải Anh,21.010506,105.8497491,
Wehome - Ms Tram,21.010507,105.8497193,
Bảo Vy,21.0105031,105.8496904,
Bún Bung,21.0105069,105.8496521,
The Alley,21.0102936,105.8496384,
Taipei Express,21.0103485,105.8496749,
Wheel Coffee Adventure,21.0099265,105.8499857,
Tiệm Hoa Thủ Đô,21.0097525,105.8505627,
Quân Ánh Minimart,21.0098266,105.8505625,
Bindi,21.00994,105.850667,
Viettel,21.0097017,105.8502349,
Quà Tặng Sức Khỏe,21.0096313,105.850369,
Fashion Hồng Thắng,21.0095445,105.8503891,
LT Watch,21.0095137,105.850412,
APG Eco-mart,21.0095423,105.8505773,
Lam Phi Quynh Store,21.0100111,105.850593,
Bạc Cộng,21.0100615,105.8506044,
Hoàng Khánh - Cắt tóc Gội sấy,21.0103774,105.8507047,
Mothercare,21.0103425,105.8505153,
Fresh Garden,21.0352629,105.7890704,
160Store,21.0100513,105.8498947,
Ziozia,21.0104013,105.850084,
Libé,21.0103841,105.8500246,
Khách Sạn Marriotte Ibiz City Hotel,21.0347635,105.8518089,
Tổ dân phố Hoàng 5 & 19,21.0449487,105.7842994,
Laika Café,21.0363265,105.787082,
Popeyes,21.0414696,105.786802,
Bách Vương Thảo,21.0414688,105.7869775,
Donar Kebab Antony,21.0167367,105.8506815,
Bánh mì Bà Tại - Ăn là nhớ,20.9986229,105.8734073,
O'Coffee,21.0167125,105.8504238,
Mành Cà phê,21.0165554,105.8504408,
Phở Dũng cơ sở 3,20.9959296,105.8741185,
KTV Enter 69,21.0156695,105.8505195,
Shinbashi,21.0157817,105.8505547,
Bún Ốc Phong,21.0158426,105.850551,
Cafe Bánh Mỳ,21.0153322,105.8505028,
Coffee 26,21.0152791,105.8505089,
Miến lươn Tân Tân,21.0152615,105.8508477,
Phở Sướng Cô Mười,21.0153899,105.8508537,
Coffee Mặn,21.0155605,105.8508485,
Ưu Đàm Chay,21.0187719,105.84814,
V25-Cơm bình dân,21.0642169,105.7795256,
V3-Bún đậu mẹt-Năm Râu Quán,21.062247,105.7805273,
V5 -Phở 10 Hà Nội Xưa,21.0623935,105.7804397,
V6-Sữa chua trân châu Hạ Long,21.0624377,105.7804102,
Chợ Vĩnh Tuy,21.0017434,105.8716876,
Aventus Coffee Trần Thái Tông,21.0342713,105.7892102,
Ngoc Han Boutique,21.016444,105.8507341,
Vàng bạc Minh Phúc,21.0165475,105.8507763,
Nhà may Dũng,21.0165844,105.8507753,
Vàng Khánh Linh,21.0167017,105.850712,
Bảo Tín Minh Châu,21.0166477,105.8506506,
Viet Style,21.0166608,105.8505909,
Áo Dài Sài Gòn Bảo Yến,21.0161567,105.8507488,
Xuân - Cửa hàng sửa chữa quần áo,21.0162907,105.8507434,
Luxury Care,21.016131,105.8505424,
Lan - Sửa chữa quần áo,21.0164982,105.8507782,
Vàng Bạc Đá Quý Thịnh Mãi,21.0166227,105.8505347,
Vàng bạc đá quý Quang Thắng Handmade,21.0166667,105.8504868,
July Beauty Care,21.0161995,105.8507421,
Sunny Home Decor,21.0156005,105.8505649,
Duy Thịnh,21.015908,105.8508144,
Y's,21.0159696,105.8507954,
Kim Anh Bui,21.0154445,105.8505041,
Hair salon Tiến Phương,21.0153683,105.8505025,
Duong Beauty Salon,21.0153488,105.8505827,
Giặt Khô - Là Hơi,21.0152747,105.8506251,
Fris,21.0153268,105.8506492,
Sue Ann Bridal,21.0153599,105.8506971,
Paris Mode,21.0156406,105.8508427,
ChitPi Diamond & Jewelry,21.0160288,105.8507611,
Cevonni,21.0155607,105.8505612,
Brides by Olivia,21.0158947,105.8505707,
Made in Vietnam,21.0153151,105.8508553,
WinMart+,20.9991371,105.8730925,
WinMart+,21.0010103,105.8720124,
Nhà thuốc 37D Văn Miếu,21.0282088,105.8363665,
Thành Hiếu,21.0275299,105.8360489,
www.hoaphuongdong.com,21.0284015,105.8364387,
V21-Ánh Ngọc Nails,21.0637859,105.7796682,
V11-Vàng bạc Đức Dũng,21.062899,105.7801765,
V17-Đăng Quang,21.0634514,105.7798486,
V28-Hair beaty salon Nga Nguyễn,21.0644737,105.7794628,
Circle K,21.0002335,105.87229,
Lavender Central Hotel,21.0337956,105.8530368,
Nguyen Art Gallery,21.0285199,105.8364926,
Vincom Mega Mall Royal City,21.0022833,105.8160462,
Chè Lan,21.008899,105.8662428,
Phở Thiện,21.0013778,105.7827142,
Chè Bát Phố Cổ,21.0163655,105.8316011,
Vicky Q Beauty Salon,21.0165483,105.8314006,
Điện máy Bick Bosch,21.1702601,105.6753808,
Vietcombank,20.9927404,105.8045488,
The Sipping Bar,21.0084093,105.8449194,
MediaMart,21.0311719,105.7791547,
Nội Thất Đồ Gỗ Được Phát,21.1400505,105.9075773,
Thế giới đồ gỗ nội thất,21.1208536,105.9003975,
Chùa Kim Liên,21.0585267,105.83297,
Đình Nghi Tàm,21.0566582,105.8329656,
Cửa Hàng Tiện Ích Bảo Long,20.9648945,105.8320905,
Thành Công,21.0137437,105.8132213,
Thu Giang Guest House,21.0316783,105.8479749,
Prince Hotel,21.0347507,105.8516905,
Tien Thuy Hotel,21.0321235,105.8549831,
Zephyr Hotel,21.0256167,105.8514292,
The Drift Backpackers Hostel,21.0191472,105.8484037,
Trang An,21.0321562,105.85026,
Rose Hotel,21.0311286,105.8472821,
Nhà Lâm,21.0612905,105.8638221,
Ngog Mai Hotel,21.0344071,105.8464358,
Riverside,21.0338284,105.8540754,
Vietnam backpackers hostel,21.0295297,105.8484496,
nhà cô Hường,21.0608539,105.8638136,
nhà Der,21.0631262,105.878681,
Thanh Binh Hotel,21.0328004,105.8514379,
Shark Club,21.0244498,105.8562075,
Ngân hàng Seabank,21.0195848,105.8007395,
Trà Tiên Hưởng,21.0155801,105.8055264,
TheK2Deluxe,21.023106,105.8018315,
TT Bit Board (Milk tea - Video game - Board game),21.0449836,105.8750707,
WinMart,21.0284021,105.7687784,
Xưởng tranh kính nghệ thuật,21.1108861,105.4856939,
Phòng Khám Đa Khoa Dr. Binh Tele_Clinic,21.0170098,105.8550422,
Nội thất Đức Cường,21.0820271,105.7838565,
Tèo Coffee,21.045998,105.8683425,
Công an phường Ngọc Lâm,21.0455068,105.8691113,
Bentinho coffee,21.0455249,105.8690094,
Tiệm vịt tiềm A Cường,21.0453824,105.8688786,
YelaPutra Chè,21.0452114,105.8685465,
Cơm cháy gà Lẩu gà thuốc Bắc,21.0451979,105.8685243,
Quán Nam Vịt,21.0451841,105.8685022,
Nhà thuốc Thiện,21.0451298,105.8683676,
Nha Khoa Hà Tín,21.0450924,105.8683011,
Nem lụi Huế,21.0450506,105.8682281,
Nha khoa Phú Mỹ Hưng,21.0455907,105.8685099,
Pink Coffee,21.0455612,105.8685899,
Coffee 68 Long Biên,21.0455539,105.8686187,
Lotita Tea & Cofee,21.04166,105.782519,
Nhà thuốc Hoàng Minh,21.0416695,105.7822704,
Thanh bún ngan,21.0451498,105.8684163,
AAL Express,21.0416739,105.7821546,
Ami Cafe,21.0416521,105.7827436,
Dịch vụ cầm đồ Tân Lan,21.0453646,105.8687591,
Sim phong thủy,21.0454375,105.8689838,
Sửa chữa điện thoại,21.0454563,105.8690586,
Sim số đẹp,21.0454498,105.8690249,
Quốc Đạt Nhận may đồng phục công sở,21.0453967,105.8688288,
Thời trang xuất khẩu Made in Việt Nam,21.0453819,105.8687918,
Shop Thủy Hiền,21.0450705,105.8682744,
Hair Salon Tiến Phạm,21.0455738,105.8687019,
Diệu Anh Nail,21.0455652,105.8687748,
Phân phối văn phòng phẩm Như Hoa,21.0416577,105.7825777,
Viện tóc Giang Giang,21.0416636,105.7824245,
Topbag.vn,21.0416651,105.7823859,
Phân phối văn phòng phẩm Ngọc Minh,21.0416666,105.7823473,
Thu Hiền may thời trang,21.0452331,105.868574,
Hải sản Côn Đảo,21.0451438,105.8683931,
Nhà sách Minh Hải,21.0416543,105.7826669,
Thành Râu Motor,21.0416434,105.7829472,
Vinamilk,21.0416474,105.7828653,
Nhà sách Quang Bình,21.0416507,105.7827819,
Nhà sách Trang Hiếu,21.0416621,105.7824646,
Ker,21.0453378,105.7855047,
ZEDD HOTEL HA NOI,21.0104971,105.7976913,
Tea & Coffee fixx,21.041678,105.7820636,
ToCoToCo,21.0416851,105.7819057,
7S Dental,21.0417049,105.7814123,
Lãm,21.013621,105.8506004,
Điểm khai báo lưu trú,21.0150388,105.8493667,
Aha Cafe,21.0136141,105.8505267,
Nhà sinh hoạt cộng đồng phường Nguyễn Du,21.0147122,105.8502911,
Gumiho,21.0139975,105.849991,
Trâu Ngon Quán,21.0136368,105.850019,
Mr. Big Beef - Bò Nướng Tảng,21.0145105,105.8500087,
IMiss,21.0416934,105.7816823,
Nhà sách Quang Khải,21.0417081,105.7813339,
Laptop TCC,21.0416885,105.7818295,
Kính mắt Chi Chi,21.0416869,105.7818676,
Mission Pro,21.041695,105.7816438,
Hoàn Mỹ Clinic,21.0416964,105.7816053,
Thế giới số 365,21.0417015,105.7814896,
Bảo trà Minh Châu,21.0416817,105.7819818,
Nhà sách Lâm Oanh,21.0417006,105.7815276,
Nhà sách Ngoại Ngữ,21.0416837,105.781769,
Tất Thành laptop,21.0416834,105.7819437,
Nhà sách Phương Anh,21.0417064,105.7813734,
Đăng Quang,21.0415312,105.7812662,
FPT Shop,21.0416658,105.7812703,
Đồng Tâm showroom,21.0414283,105.7812631,
Mare,21.0140797,105.8503087,
Alvi Store,21.0143507,105.8497977,
Circle K,21.0410498,105.7812649,
The Song Serviced Apartment,21.014531,105.8497218,
Ngọc Linh Hotel,21.0141617,105.8503075,
Cháo 37,21.0167751,105.8500046,
Quán cơm Minh Hiền,21.0160697,105.8499661,
Hồ Lô Quán,21.0162389,105.8502118,
Brobusta Coffee,21.0165812,105.8499262,
Phòng khám Da liễu HD,21.0154728,105.8499981,
Bún Chả - Nem Rán,21.0166595,105.8498791,
Hệ thống Nha khoa Medlatec,21.0157638,105.8500062,
Phòng khám YC Việt Nam,21.0158219,105.8500021,
Mỳ Vằn Thắn - Mỳ gia Quảng Đông Kố Kiên,21.0153601,105.8500699,
Broho Beer,21.0153174,105.8503388,
Binbo,21.0153795,105.8503398,
Lẩu cua đồng Hòa Lạc,21.015922,105.8502131,
Bánh Cuốn 86,21.0160144,105.8502267,
Vườn Tri Thức Việt,21.0368134,105.7854064,
HeraDG,21.0371731,105.7823241,
Doji,21.0167569,105.8499602,
D.D Nails,21.0165116,105.8499393,
Naquyt,21.0160952,105.8499994,
Vàng Nhật Quang,21.0167395,105.8499183,
Bảo Tín Minh Châu,21.0168107,105.8501572,
QHT Jewelry,21.0162008,105.8499663,
Wine Time,21.0161291,105.8499924,
Swizz Clinic,21.0162869,105.8502182,
Ha Duy,21.016371,105.8499973,
Vichy Laboratories,21.0162897,105.8500002,
Namidori Luxury Handmade Shoes,21.0153971,105.8499442,
Peony Nailroom,21.0153431,105.8499451,
Phúc Sport Boutique,21.015701,105.849954,
Junhee Beauty Center,21.0153642,105.8502914,
HB Spa,21.0153948,105.8501318,
Hibi's Cake,21.0153523,105.8499939,
Lines,21.0154028,105.8503376,
Thỏ Accessories,21.0154246,105.8503383,
Fáel,21.0154653,105.8503406,
Fugashin Shoemaker,21.0155987,105.8503185,
Viện thẩm mỹ Korea,21.0156478,105.8502139,
Jenny K Tran,21.0157061,105.8502141,
Nam Hair Studio,21.0158323,105.8502839,
MyKingdom,21.0368108,105.7854849,
Kính mắt Việt Nam,21.0368066,105.7856129,
Cocolux,21.0368026,105.7857319,
Hanoi La Palm Premier Hotel & Spa,21.0325304,105.8493275,
Cơm Rang - Phở - Bún Cháo,21.0167091,105.8497579,
Bún Ốc Cổ Hà Nội,21.0167569,105.8497633,
Bún Chả Sinh Từ,21.014312,105.8195072,
Juice Corner,21.0168502,105.8497423,
Bệnh viện Mắt Kỹ thuật cao Hà Nội,21.0168006,105.849466,
Hiệu Cơm Việt Nam,21.01619,105.8497525,
Bánh cuốn nóng 117 Bà Triệu,21.0157917,105.8494249,
S.Pearl,21.0165829,105.8494594,
MaiiMer,21.0166295,105.8494482,
Trang Hoangg,21.016681,105.849467,
La Reina Bra,21.0167256,105.8493578,
Nail's,21.0166009,105.8497423,
Amore Nail Art,21.016639,105.8497461,
December Chris,21.0166756,105.8497386,
D.Chic,21.0164199,105.8494394,
Tuấn Hằng Food,21.0167686,105.8493569,
Thế Giới Nước Hoa,21.0168162,105.8493582,
Shop Tuấn Hằng,21.0168619,105.8493715,
Đồ Da Tâm Anh,21.0162799,105.8497053,
Gigavilla,21.0164147,105.8496805,
Danacci Jewelry,21.0167969,105.8497735,
Gốm Quang,21.0165298,105.8494616,
Kính Mắt Hàn Quốc,21.0168174,105.8495703,
Vàng bạc Tuấn Đức,21.0168073,105.8496882,
Flane,21.0156558,105.8494087,
Wetrip.vn,21.0157088,105.8494141,
Mono Talk,21.0159369,105.8493861,
Lamy Design,21.0159741,105.849388,
Pin Berry Korea,21.0160161,105.8493874,
Dung Nguyen,21.0160629,105.8493889,
Oyster,21.0158976,105.8493764,
Real Clothes,21.015822,105.8493809,
B TÔNG,21.0266823,105.8177878,
Coffee Mạc Tộc,21.0153467,105.8497133,
Bánh cuốn gia truyền Thanh Vân,21.0153054,105.8498107,
Sushila,21.0153918,105.8498083,
Hair Salon Sáng Nguyễn,21.0158106,105.8497046,
Better Shoes,21.0154682,105.8493979,
Đức Gia King,21.0130198,105.8481424,
Global Dental,21.0153266,105.8495812,
Miley Dental,21.0131145,105.8480409,
Café 65,21.0131782,105.8481413,
Rosier,21.0131218,105.8481825,
Cồ Dạt - Phở Bò Nam Định,21.0454658,105.784229,
Bánh cuốn nóng,21.0455624,105.7842292,
Hoàng Nam 89,21.0456249,105.7842294,
Hải Anh Cafe,21.0457157,105.7842305,
Yêu Huế,21.0458928,105.7842293,
Café Phương Anh,21.043562,105.7885598,
Co:coffee,21.012747,105.8322087,
Kiều Hoa Quán,21.0449085,105.7843548,
XXX Lounge,21.0446667,105.7846733,
EZ Dental,21.0448586,105.7844237,
Nhà thuốc Triệu Tân,21.043525,105.7861166,
Tiệm Ấm,21.0451663,105.7840864,
Thiên Lộc Quán,21.0450525,105.7840889,
Vị Cà Phê,21.0443338,105.7858457,
Café Hương,21.0152893,105.8493247,
Peach City,21.0153448,105.8493069,
Bánh Mỳ Ngon,21.0153622,105.8493101,
Bún Chả Quê,21.0130593,105.8481531,
Cơm Quê Phố Cổ,21.0454315,105.7842289,
Bún đậu Cúc Cu,21.0455868,105.785841,
BIDV,21.0435558,105.781521,
Linh kiện điện thoại 64 Tuệ Tĩnh,21.0153143,105.8494234,
Wormy Piercing,21.0153271,105.8493135,
Enjoué Candles,21.0154218,105.8493496,
Vân Cảnh,21.0455306,105.7842291,
Tiến Đạt Thành,21.0458119,105.7842304,
Hương Thảo Fashion,21.0435629,105.7884504,
Gara Ô tô Thanh Loan,21.0435611,105.7886667,
Nội thất Ô tô Minh Ngọc,21.0435605,105.7887379,
Salon Tóc Toan Nguyễn,21.0434849,105.7860865,
Vườn Bonsai Hoàng Nghĩa,21.0430352,105.7850606,
Dr. Thanh Trang,21.0422905,105.7865654,
Oceania Spa & Clinic,21.0153512,105.8495224,
SIM Thẻ Tuệ Dương,21.0153004,105.8493639,
GLAM Accessories,21.0153071,105.8493073,
Minnie Perfume,21.0129792,105.8481221,
Bếp+,21.0453737,105.7842088,
Gara Ôtô Đức Thắng 79,21.0435661,105.7880606,
8AM Hair Salon,21.043565,105.7881893,
Hair Yến Tóc xinh,21.0455645,105.785398,
Kavim,21.0455674,105.7856236,
Tân Mart,21.0443164,105.7857365,
35 Floral,21.0444855,105.7858455,
GolfCity,21.0436948,105.7815252,
WinMart+,21.0434554,105.7815178,
Nhà nghỉ Minh Hà,21.0434583,105.7860567,
Nhà nghỉ Quang Vinh,21.0434049,105.7860048,
Mai Villa,21.042411,105.7865747,
Nhà nghỉ Hạ Vy,21.0455221,105.7846706,
Nhà nghỉ Mai Xuân,21.0450759,105.7835132,
Minh Long Hotel,21.0449513,105.7860471,
Nhà nghỉ Hoa Quỳnh,21.0456828,105.7858379,
Nhà hàng Wen Xing HongKong,21.0160209,105.815518,
Cafe Ông Bầu,21.0114587,105.8306321,
Nhà Hàng Grill Mapa,21.0163305,105.7997975,
Tiệm Đà Lạt,21.0169842,105.7989841,
Bánh cuốn Gia An,21.0152726,105.8011916,
Thẩm mỹ Hoàng Tuấn,21.0453359,105.7832227,
Pizza Hut,21.0171583,105.799144,
San hô biển,21.01667,105.7996998,
Đà Nẵng Quán Bánh Tráng,21.0161503,105.7997636,
Highlands Coffee,20.9858452,105.8126081,
Đồng hồ Kính mắt Quang Anh,21.0456949,105.781567,
Splendid Star Grand Hotel,21.0291318,105.8487007,
Meshinoya Ninh Hiệp,21.084107,105.9411959,
Nhà hàng Dũng Quyên,21.0457561,105.782087,
Cafe Sun,21.0458992,105.784456,
Janhee International Clinic,21.0459009,105.7857108,
Phòng khám da liễu Hà Nội,21.0459014,105.7853134,
G46,21.0418895,105.7863373,
Minh Anh Cafe,21.0425016,105.7866944,
Trống Đồng Palace,21.0445702,105.7824073,
HTV Group,21.0427242,105.7868843,
ROCK CAFE,21.0433192,105.790114,
Nhà hàng Ngọc Hiếu,21.0427604,105.786396,
Bánh mì Du mục,21.041799,105.786364,
Tropicpet,21.0418023,105.7868398,
K+ Garden Coffee,21.0422127,105.7870854,
Rửa xe Dịch Vọng,21.043355,105.7893061,
MOTUL Hải Lâm,21.0433537,105.7888584,
IELTS Fighter,21.041801,105.7864212,
Phòng khám Thành An,21.0418006,105.7864637,
NBK Art Center,21.0418009,105.7865649,
Samcheop Topokki,21.041801,105.7869133,
Cafe Góc Phố,21.041908,105.7870439,
J&T Express,21.0438806,105.7847432,
DUO Care,21.0433255,105.7854321,
HUB,21.0427437,105.7850623,
Sữa chua Trân châu Hạ Long,21.0426975,105.7854563,
Cháo lòng Hợp Lý 4,21.0433502,105.7861262,
Minh Sushi,21.0431353,105.7861171,
Aha Coffee,21.0430384,105.7861029,
Viettel Post,21.0438508,105.785706,
Phố Xưa Café,21.0434928,105.7855156,
Cơm Ngon Quán,21.0433095,105.7861234,
Phở trâu giật Minh Quân,21.043277,105.786121,
Quán Cừu Vui Vẻ,21.0432146,105.7861186,
Lòng Ngon Quán,21.0431357,105.7859577,
Nhà hàng Cơm Phố,21.044259,105.7851977,
Nhà hàng Phúc Lâm,21.0442928,105.784162,
Pharmacity,21.0427024,105.7860905,
HIXE Car Rental,21.0440721,105.7847599,
BeMine Teahouse,21.0439536,105.784927,
Lotteria,21.03203,105.8128607,
Sàn gỗ Nguyễn Trung,21.0457478,105.7816582,
Xe điện Kim Ngân,21.0457312,105.7816288,
Việt Nhật Auto,21.045722,105.7815978,
Yamaha,21.0457502,105.7819541,
Trung Thực Auto,21.045748,105.7818516,
JEP Việt Nam,21.0457893,105.7817426,
In ấn Vân Chủ,21.0459016,105.7854681,
An Phước,21.045899,105.7847746,
Bếp Tốt,21.0458996,105.7848184,
Bếp 365,21.0459006,105.7849913,
CarOn Plus,21.0459006,105.7851346,
Cửa hàng Tâm An,21.0459013,105.7851918,
Elmart,21.0459023,105.7853844,
Thế giới Bếp EU,21.045903,105.7854307,
Hanosimex,21.045903,105.785508,
Everon,21.0459016,105.7855519,
Bếp 68,21.045901,105.7855938,
Mỹ Tường,21.045902,105.7856329,
Thành Đạt Photocopy,21.0436478,105.7901106,
Đại lý phụ tùng Tâm An,21.0436499,105.7898967,
ROCK CAR,21.0433472,105.7899706,
Mạnh Dũng Smart Tech Group,21.0418015,105.7866183,
Lilicake,21.0418018,105.7866627,
Phong,21.0418023,105.7867698,
HB,21.0422394,105.7863161,
Xe Đạp 88,21.0422952,105.7863174,
GTC Hanoi,21.0423699,105.7870153,
Điều hoà Tuấn Nghĩa,21.0433538,105.78941,
Đình Thương Motorbikes,21.0433548,105.7894944,
Đức Thịnh 79,21.0433536,105.7889731,
Tuấn Loan Auto Thăng Long,21.0433508,105.789097,
Garage TCT,21.0433558,105.788085,
Xe máy Công Bằng,21.0433563,105.7879045,
Ô tô Đức Thịnh,21.0435592,105.7888151,
"Dũng - Săm lốp, Ác quy",21.0435536,105.7888766,
Sinh Anh Hair,21.0418,105.7869442,
Anh Dungz Hair Salon,21.0418025,105.7869794,
Nội thất ôtô Trường Phát,21.0418244,105.7870297,
Amita Academy,21.0424215,105.7863195,
Hải sản Trung Dũng,21.0424748,105.7863199,
VTG,21.042085,105.7863163,
Trang sức đá quý Tín Nghĩa,21.0432764,105.7855006,
Maria Makeup Store,21.0418011,105.7868771,
Sách Quang Minh,21.0419774,105.7867026,
Điện lạnh Cao Thiên,21.0419839,105.7865802,
Dr. Lacir,21.0420755,105.7865995,
SHTComputer,21.0420744,105.7867854,
Vua tóc giả,21.042172,105.786316,
WinMart+,21.0423756,105.7863191,
Tuấn Thành Motor,21.0425392,105.7863205,
Mộc Tấm Spa,21.0428583,105.7859301,
Trung tâm Nam Hải,21.0438273,105.7847831,
Cá Voi Yugioh,21.0427398,105.784687,
Linh Sóc Baby,21.0432981,105.7845209,
Viet Rivertow,21.0432985,105.7844817,
Prédia,21.0435169,105.7851916,
Dr. Zo Spa & Clinic,21.0438221,105.7857489,
Auto Châu Á,21.0437916,105.7857881,
Sửa chữa Hưng Thịnh,21.0436264,105.7859939,
Hùng Vương Travel,21.0436631,105.7859443,
Xoãn Store,21.0432955,105.7857474,
Thành Phát Mobile,21.0432454,105.7861212,
Hair Salon Giang Oanh,21.0431755,105.7861186,
Hùng Anh Bóng Bàn,21.044792,105.784272,
Circle K,21.0427834,105.7860913,
Massage VIP,21.044194,105.7846425,
Nhà nghỉ Hoa Hồng,21.0424022,105.7872974,
NNT Hotel,21.0422792,105.7869705,
Hotel An Hưng,21.0441975,105.7861397,
Nhà nghỉ Sơn Thuỷ,21.0441967,105.7860589,
HANA Stay,21.0427389,105.7870023,
Smart Homestay,21.0436539,105.7850217,
Nhà nghỉ Hải Yến,21.0443874,105.7846306,
Nhót Coffee,21.0444691,105.786269,
Nha khoa Thiên Ý,21.0450407,105.7862246,
Xèo Xèo,21.044793,105.7849103,
247Express,21.0439306,105.7860537,
ROHI,21.0449225,105.7847485,
Nhà thuốc Thành Duy,21.0450689,105.7845613,
Nhà thuốc Hưng Gia,21.0455098,105.7844435,
Phở Cồ,21.0456914,105.7862359,
Mì cay Sa Sin,21.0456533,105.7862374,
2Vet,21.0455682,105.7862354,
X-Quang Răng,21.0440937,105.7862641,
Coffee Góc Phố,21.0451939,105.7862797,
Café Nguyên,21.0451889,105.7853397,
Hà Nội Phố,21.0451915,105.7861662,
Cơm ngon Bình dân,21.0454499,105.786234,
Én Cafe,21.0453343,105.7862506,
Café Bình Minh,21.0453393,105.7850209,
Thank Decor,21.0450608,105.7854206,
Babycuatoi,21.0447586,105.7849526,
Five Star Laundry,21.0441689,105.7857997,
Battrang.info,21.043902,105.7860914,
Thời trang tóc Bích Thuỷ,21.0440284,105.7859209,
Rừng Gió Decor,21.0445078,105.7853032,
Lan Beauty Center,21.0445242,105.7852792,
Hải Khuê Auto,21.0450016,105.7846679,
Sollee Guitar Store,21.043881,105.7862661,
Papishop,21.0448882,105.7862725,
Lucas Shoes,21.044833,105.7862744,
Hà Thanh Dress Design,21.0456696,105.7844454,
Onion,21.0455249,105.7862357,
Giang Ngân Authentic,21.0448648,105.7848799,
Tiệm tóc Tâm Anh,21.0447648,105.7850872,
Angel,21.0451228,105.7862756,
Spa H2 Beauty,21.0450824,105.7862741,
Hồng Nga,21.045046,105.786274,
Điện tử 360,21.0453469,105.7846153,
Thuỷ tinh Hà Nội,21.0451931,105.785835,
Lagen Hair Salon,21.0451898,105.7861238,
Spa Quỳnh Hương,21.0451431,105.7861238,
Hạ Nguyên CSC,21.0453378,105.7853124,
Tóc King,21.0453332,105.7861282,
Ogana Spa Cosmetics,21.0453348,105.7860713,
Nhà nghỉ Nhuệ Giang,21.0446009,105.7857891,
Nhà nghỉ Hạ Vy 2,21.0447268,105.785526,
Nhà nghỉ Đại Dương,21.0444944,105.7861678,
Nhà nghỉ Đình Phùng,21.0443369,105.7859323,
Nhà nghỉ Sao Mai,21.0450362,105.7846101,
Nhà nghỉ Thủy Tiên,21.0457341,105.7844441,
Nhà nghỉ Minh Vũ,21.0453466,105.7845821,
Khách Sạn Hana,21.036281,105.8082493,
Rising Dragon Villa,21.0345522,105.8474998,
Honda Thắng Lợi 1,21.0190951,105.8615553,
Seoul Boss,20.9058646,105.5782231,
VGA Mobicar,20.9703325,105.8669002,
Scent Stories,21.0142102,105.8318261,
Bro's Coffee,21.0131141,105.8318129,
L's Place,21.0358212,105.7829859,
Sữa chua trân châu Hạ Long,21.0295298,105.8368598,
Nhà thuốc Hà Thu,21.0135845,105.8497577,
Lạ Dessert,21.0135678,105.849713,
Hudu Sweet,21.0139689,105.8497454,
How Cafe,21.0139044,105.8496946,
Hanoi Hotel Royal,21.0347188,105.8539766,
Royal Hotel,21.0295866,105.8349908,
The Q Boutique,21.0346916,105.8542148,
Topcos Store & K Concept,21.0137159,105.8498105,
BB Beauté,21.0135826,105.8493368,
SSStutter,21.013528,105.8494625,
Bánh Cuốn Bà Hoanh,21.0135428,105.8495643,
Đạt Coffee & Tea,21.0135204,105.8492584,
Dieu An,21.0138154,105.8493288,
Joie Des Roses,21.0136923,105.8492696,
Những Bông Hoa Nhỏ,21.0136512,105.8492717,
Mạnh Hà,21.0136002,105.8492709,
Thế Giới Nước Hoa,21.0135607,105.8492496,
Domino's,21.0677778,105.8033361,
TẾT BAR,21.0357904,105.8518068,
Golden Ring - Russian Food,21.0569134,105.8359634,
Kem Bơ Đà Lạt,21.0143326,105.8493285,
ISHIDAYA - The 3rd Generation,21.0304349,105.834279,
Nhà Hàng Chả Cá Văn Miếu,21.0296628,105.8369362,
Domino's,21.0258742,105.8222117,
Starbucks,21.0252249,105.8433509,
Nhà Hàng Cơm Niêu Kombo,21.0242775,105.8209471,
Nhà Hàng Bít Tết Ngon,21.0239911,105.8206671,
Bún Riêu Cua Thu,21.0292058,105.8483343,
Cà Phê Hương Hà Nội,21.0264969,105.8230332,
Cơm Tấm Sài Gòn Thuỷ Linh Châu,21.0275266,105.8457616,
Nhà Hàng New York Sports Bar,21.0236407,105.8508563,
Quán Thị Mẹt,21.0185659,105.8230246,
Phòng khám cấy ghép tóc y học Quốc tế,21.0188553,105.8489799,
Nhà Thuốc Anh Quốc,21.0167687,105.8358901,
Pizza Hut,20.9791502,105.785428,
Quán Sửu,21.0291144,105.8367132,
Savoor - The House of Panini,21.0291094,105.8444384,
SUSHI GARDEN - NHÀ HÀNG NHẬT BẢN,21.0129836,105.8328594,
Bưu Điện Trần Khát Chân,21.0084292,105.8510034,
Nhà hàng Phương Nam,21.0229999,105.8061749,
Phở hà nội,21.0253245,105.8516925,
Twitterbeans Coffee,21.0305112,105.7848108,
Nhà Hàng Mr Lee's Snack Bar,21.0165573,105.7952392,
Rainbow Hotel,21.0348688,105.8495282,
Paradise Boutique Hotel,21.0339811,105.8524431,
Khách Sạn Hà Đông,20.9658636,105.7660238,
Khách Sạn Blue 29,21.0237006,105.8205593,
Khách Sạn Joseph's,21.0282816,105.8483502,
Khách Sạn Hanoi Impressive,21.0285359,105.8482354,
Khách Sạn Conifer Grand,21.0289149,105.8482786,
Khách Sạn Somerset Grand Hà Nội,21.0262404,105.8458094,
Khách Sạn Hanoi Street,21.0292917,105.8438984,
Oasis Hotel,21.0210013,105.8183853,
Khách Sạn Bảo Anh,21.0294692,105.8479138,
Silk Path,21.0288266,105.844549,
Khách Sạn Astoria,21.0292242,105.8454081,
Phố Sách Hà Nội,21.0249297,105.8478548,
Lucas,21.0145785,105.8497824,
HCN - Trung tâm xe nhập khẩu,21.0143711,105.8493174,
Xe máy nhập khẩu Nghiêm Phát,21.0145528,105.8493371,
Ngọc Linh Mobile,21.0235944,105.9327131,
Circle K,21.0160502,105.8578776,
helmets,21.0134789,105.8518461,
Eva de Eva,21.0132138,105.8194049,
Tungmobile.com,21.0132668,105.8185196,
Cửa Hàng Kính Mắt Việt Tiến,21.0247549,105.8107926,
Thẩm mỹ viện Orchard Group,21.0181525,105.8240192,
FoTo Sỉ Lẻ Abercrombie & Fitch and Hollister,21.0181837,105.8239379,
Cửa Hàng Thời Trang Indigo,21.028436,105.8364664,
Yly,21.0293361,105.8367936,
Tiny Post Cafe,21.0489415,105.7841722,
Trạm Y tế Phụng Châu,20.9471543,105.7078282,
Trọng Nghĩa Cà Phê,20.9225073,105.702385,
Cà Phê GaraFun,21.0175323,105.7970415,
TwitterBeans Coffee,21.0178704,105.7811825,
PGD Oceanbank Trung Yên,21.0193668,105.7997923,
Cà Phê Grazio's,21.0128634,105.8176699,
Cơ sở đăng ký xe số 1 - Đội quản lý xe,21.0160716,105.8171397,
Starbucks,20.9871934,105.7860587,
Techcombank,21.0386996,105.7921918,
L..A Karaoke,21.0382421,105.7927862,
V cafe,21.0387453,105.7907369,
Nhà Hàng Kombo,21.0385851,105.7906467,
1992 Quán,21.0807524,105.7781333,
Bạt quán,21.0816386,105.7782641,
Bưu Điện Cầu Giấy,21.0325341,105.7984274,
Nhà Hàng Kiếu Gia,21.0294905,105.8616142,
Halo Coffee & Juices,21.0302834,105.8565314,
Bưu Cục EMS Cát Linh,21.0284652,105.8319705,
Cà Phê Blackbird,21.0303399,105.8485802,
Chops,21.0294427,105.82688,
Pizza Hut,21.0072356,105.7930282,
Trường Tiểu học Phụng Châu,20.949577,105.7023699,
Vanmieu Hotel,21.0266394,105.8370864,
Nhà trọ bác Hoà,20.9685224,105.7949389,
nhà trọ 4,21.0703208,105.7739375,
nhà trọ 13,21.0708449,105.7731702,
Khách Sạn Cầu Giấy,21.0325542,105.7992324,
The Palmy Hotel & Spa,21.0305847,105.8501334,
Khách Sạn Hanoi Emotion,21.0292439,105.8343303,
Street Backpackers Hostel,21.0296822,105.8490443,
Khashc Sạn Fantasea,21.032621,105.8466932,
Khách Sạn Hồ Hoàn Kiếm,21.0305634,105.8495539,
Khách Sạn Central Backpackers,21.0304607,105.8488039,
Khách Sạn Madam Moon,21.031524,105.8505913,
PAN,21.0286011,105.8437682,
L's Place,21.0153211,105.7749992,
Nhà sách Tiến Thọ,21.0192112,105.8025212,
Circle K,21.0139905,105.7981453,
Dương Tây Hair Salon,20.961664,105.7927021,
Cửa Hàng Thời Trang Baby Smart,21.0389589,105.792574,
In Lan Hương,21.0290757,105.8026037,
V30-Shop Minh,21.064706,105.7794248,
Nhà hàng Yumi,21.0151072,105.7814958,
Cà Phê Happyland,21.018728,105.8028012,
Nhà Hàng Lẩu Bà Téo,21.0394206,105.7726814,
Nha Hang Nhat Nuong,21.0395544,105.772734,
The Highlands Coffee,21.0685586,105.8027002,
Nhà của Huyền Tiểu iêu,21.2169958,105.9126128,
FPT Shop,21.0201337,105.8020389,
Circle K,21.0133359,105.8159117,
Cửa Hàng Thời Trang Dan Gun,21.0154506,105.8171293,
Thế Giới Di Động,21.0692075,105.8021764,
Victory Hotel,21.0329421,105.8502358,
Skyline Hotel,21.0335223,105.8524153,
Phú Long Hotel,21.0323049,105.8534066,
Prince 57 Hotel,21.0326352,105.8539615,
Rising Dragon,21.0324116,105.8539573,
Salute Hotel,21.0319667,105.8540409,
Trung Nam Hải,21.029546,105.8479124,
Quoc Hoa Hanoi Hotel,21.0338392,105.8476882,
Tomodachi House,21.0295113,105.8439755,
Chay Aummee,21.0457483,105.8425594,
Panzerotti.hn,21.0457143,105.8426193,
Cửa Hàng Burger & Buns,21.067109,105.8270687,
Nhà Hàng Hanoi Taco Bar,21.0600412,105.8304805,
Bưu Điện Yên Phụ,21.0511524,105.8389528,
PGD Ngân Hàng Đầu Tư và Phát Triển BIDV,20.9735829,105.8357791,
Vietcombank,20.9681824,105.8271682,
Bệnh Viện Đa Khoa Thăng Long,20.9542742,105.8384237,
Phở Cường,21.0339341,105.8548223,
Bưu Cục Giao Dịch EMS Hồng Hà,21.0329252,105.8562032,
Nhà Hàng Essence,21.0345271,105.852037,
Khách Sạn Thaison I,21.0305739,105.8564189,
Thang Long Opera Hotel,21.0282015,105.8574589,
nhà nghỉ thanh bình,20.9930955,105.8291215,
Khách Sạn Friendly Backpacker,21.0346404,105.8544732,
Nhà Khách Hanoi Guesthouse,21.0344162,105.8535098,
Khách Sạn Blues,21.0349105,105.8536082,
Khách Sạn Aurora,21.0349803,105.8531725,
Khách Sạn Especen,21.0333592,105.8537508,
Khách Sạn Allura,21.0338753,105.8536358,
Khách Sạn Asia Palace,21.0317015,105.8556478,
Khách Sạn Camel City,21.0353948,105.8525004,
Khách Sạn Classic 2,21.0346495,105.8517404,
tổng đài fpt,21.0631245,105.8318814,
Hiệu sách Nhã Nam Linh Đàm,20.9648596,105.8262023,
Siêu Thị T-Mart,20.9713145,105.8361596,
Lọc Nước Family,20.9977606,105.9562961,
Oánh Huyền,20.9818292,105.9408863,
Cà Phê Fagioli,21.0328496,105.8499933,
Nhà Hàng Kaiba Sushi,21.0211894,105.8556502,
Nhà hộ sinh A,21.024432,105.8548261,
Cà Phê Thái,21.0172122,105.8504717,
VNUA restaurant,21.0065578,105.9332118,
Phở Lâm,21.0356438,105.846433,
Bưu Điện Ngọc Lâm,21.0480822,105.874248,
Ngân Hàng TMCP An Bình (ABB),20.973465,105.8357175,
Quán Nướng ABéo,21.0326627,105.8290076,
Bưu Cục Chợ Mơ,20.9956981,105.8500913,
QUấn bún riêu Đền Lừ,20.9869915,105.8592792,
Khách Sạn Heart,21.0315071,105.8505621,
Khách Sạn Hanoi Old Centre,21.0314694,105.850497,
Khách Sạn Indochina,21.0315137,105.8547329,
Khách Sạn Gia Bảo Grand,21.0314953,105.8549091,
Khách Sạn Hanoi Happy,21.0314439,105.8552823,
Real Darling Cafe Guesthouse,21.0326388,105.8495639,
Nhà khách VNUA,21.0069962,105.9334536,
Khách Sạn Đông Thanh,21.034422,105.8463831,
Khách Sạn Calypso Grand,21.0344421,105.8462418,
Khách Sạn Mai,21.0332046,105.846031,
Khách Sạn Quê Hương,20.973466,105.8364802,
Nhà Khách Jacks,21.0392752,105.8160157,
Khách Sạn Hanoi Friends Inn,21.0350153,105.8470454,
Khách Sạn Hanoi Gecko III,21.0336704,105.8473559,
Pod hotel Hanoi,21.0371003,105.8511156,
Khách Sạn Medallion,21.0360324,105.8532614,
Khách Sạn Hanoi Phoenix II,21.0354506,105.8525879,
Khách Sạn Boutique,21.0379401,105.8518102,
Khách Sạn Central Backpackers,21.0406073,105.8486956,
Khách Sạn Hanoi Backpackers Palace,21.0336742,105.8475063,
Nhà Khách Flipside,21.0336712,105.8473904,
Khách Sạn Hanoi Elegance,21.0319655,105.848102,
Khách Sạn Charming,21.0319242,105.8479383,
Tuấn Việt,21.0305161,105.8505276,
Prada,21.0247206,105.8570964,
TẾT BAR 2,21.0358101,105.8519032,
Ushanka,21.0191038,105.8015084,
Citi Coffee,21.015078,105.8493151,
ASEAN Institute Clinic,21.0148863,105.8498046,
Yakiniku Sakura,21.0147861,105.8497332,
Cà Phê Tùng,21.0008391,105.8376456,
Nhà hàng San Hô Đỏ,21.0062988,105.8350604,
Texas Chicken,20.9634304,105.8253056,
Chợ dân sinh HH,20.9629327,105.8268188,
Phở Gà 18,21.0136792,105.8507629,
Una Family,21.0142366,105.8505962,
An Biên Eatery,21.0141696,105.8506004,
Sumibozu - Gà Nướng Than,21.0140916,105.8505752,
Cafe Thọ,21.0140542,105.850571,
Chops,21.0139897,105.8505814,
Nhà thuốc Phương Chính,21.0149411,105.8508795,
Bún Chả Nem Cua Bể,21.0148792,105.8508802,
Nhà thuốc Hồng Đăng 5,21.0139652,105.8508884,
Nhà hàng Tonchan,21.0142021,105.8506281,
Ikazaya Yancha,21.0139502,105.8505838,
Nghiền cafe,21.032618,105.8093764,
Vịnh Bia,21.0361537,105.8084679,
Galbi Roman,21.03535,105.8089295,
Oscar Hotel,21.0333615,105.8479638,
JM Dress Design,21.0149505,105.8493,
Luca,21.014842,105.8493052,
She by Hoa Nguyen,21.0147856,105.8493794,
Nov.Muse,21.0149932,105.8494153,
Style Viet,21.0150554,105.8495103,
Dia Liciouss,21.0150492,105.8496355,
The Cake Lab,21.0150197,105.8497231,
Emma Lab,21.0149747,105.84982,
Nhung Closet,21.0148308,105.84976,
Notes Perfume,21.0042628,105.8204557,
Cường Minh,21.0136487,105.8506465,
Vang Online by Buy2sell,21.0137424,105.8505374,
Alkan Authentic,21.0136571,105.8508699,
KRB Authentic,21.0139223,105.8508833,
Quynh's Mart,21.0143286,105.8505747,
June,21.0142772,105.8505581,
SeSe Beauty,21.01391,105.8505967,
Vạn Xuân Foot Massage,21.0138677,105.8505892,
Hair Salon Huyền Trâm,21.0145259,105.8508778,
Liny Shoes,21.0144881,105.8508384,
Mobile 58,21.0142345,105.8508687,
The Rose,21.0141935,105.8508339,
Còi Luxurious's,21.0140758,105.8508558,
Kây Decor & Gift,21.0149772,105.850883,
Minnie Perfume,21.0147907,105.8508505,
Duy Ý,21.0147369,105.8508584,
Monalisa Rose,21.0565408,105.8057548,
LỪA ĐẢO,21.0572787,105.8049813,
Trạm Y tế phường Nguyễn Du,21.0161793,105.8493574,
Hùng Xồm Cafe,21.0150107,105.8505198,
URI Dessert,21.0149694,105.8505176,
Phở bò Tam Giang,21.0149361,105.8505216,
Khrua Baan Thai,21.0147202,105.8505466,
Cafe Hương,21.0146056,105.8505289,
CaCa FeFe,21.0145643,105.8505811,
Bún bò Huế O Xuân,21.0150782,105.8505667,
Miến lươn Tân Tân,21.0150736,105.8507748,
Cafe 15,21.0150585,105.8508109,
Bưu điện Nghĩa Tân,21.0442446,105.7945201,
Phở Anh,21.0144162,105.8502524,
Bếp Chay Huệ Nhiên,21.0136947,105.8503514,
Bún Bò Huế Huyền Anh 2,21.0150618,105.8501977,
Tiệm Ăn Ken,21.0149553,105.8502835,
GPBank,21.0143532,105.8499722,
Lẩu Nấm Gia Khánh,21.0200806,105.8009612,
Tonkin Coffee,21.0150614,105.8499694,
Lẩu Dê Vạn Xuân,21.0195986,105.8008718,
Quán Bar Labo,21.0707565,105.8225932,
The Coffee House,21.0132904,105.8497595,
Cơm 140 Bùi Thị Xuân,21.0124821,105.8497105,
Phở Hương,21.0132932,105.849647,
Cafe 177,21.0124304,105.8492322,
AnAn Juice House,21.0128073,105.8492832,
Khách Sạn Hanoi Stars,21.0337024,105.8542552,
Khách Sạn Luxury Backpacker,21.0293883,105.8481465,
Nhà Khách Murray's,21.0451166,105.8159394,
Fraser Suites,21.0641144,105.8277191,
Khách Sạn Hanoi Party Backpacker,21.0330335,105.8460897,
Khách Sạn Hanoi Holiday Gold,21.0317751,105.8482993,
Khách Sạn Hanoi Light,21.0284128,105.8500004,
Khách Sạn Rendezvous,21.0331384,105.8470696,
Belcholat Chocolatier,21.0146535,105.8505766,
Bờm Mobile,21.0150644,105.8506631,
Đặng Phương Beauty & Cosmetic,21.015049,105.8507368,
Media Markt,21.037869,105.7725553,
Glee Premium Foods,21.0144599,105.8502509,
Đại Đức,21.0143651,105.8501742,
Rohto Aohal Clinic,21.014259,105.8502446,
Metis,21.0140398,105.8503087,
Vinataba,21.0139834,105.850228,
Elegante,21.0137395,105.8503454,
Mint Cosmetic,21.0138284,105.8503232,
Lengrin Story,21.0136333,105.8501355,
Mia Bridal,21.0136124,105.8502139,
Hoàn Mỹ,21.0136449,105.8502526,
Maikan Spa & Academy,21.0137761,105.8500117,
The Lady House,21.0150252,105.8501461,
Nhà mốt Đức Hạnh,21.0149906,105.8502688,
Aoki Beauty,21.0149172,105.8502567,
Swans Hair Salon,21.0138346,105.8499973,
Dencoss Luxury Health Care & Spa,21.0139295,105.8500226,
À Tous,21.0148712,105.8499914,
Mắt Mode,21.0148726,105.8502809,
Kana,21.0148294,105.8502395,
V.B.S Tailor,21.0147902,105.8502527,
The Candleholic Boutique,21.0146592,105.8502662,
H.E.R Beauty Clinic,21.0144668,105.8500204,
Menard Shop & Spa,21.0150519,105.8500618,
Cỏ Mềm,21.0124709,105.8492779,
Bạc Nhỏ Store,21.0132127,105.8497862,
Sunlux,21.013164,105.8497827,
Thăng Long Gas,21.0127492,105.8492935,
Kat,21.0128909,105.8492941,
Valerie Diamond & Jewelry,21.0127934,105.8497091,
Wefood,21.0125813,105.8497161,
Hà My,21.0125437,105.8496752,
Quán Bar Hanoi Ale House,21.0176032,105.7970841,
Cà Phê Hanoi,21.0299464,105.8370634,
Quán Bar Hanoi Bistro,21.0355829,105.851938,
Bưu điện Đống Đa,21.0071157,105.8211615,
Bưu điện Láng Trung,21.0190068,105.8081382,
Bưu cục Đặng Tiến Đông,21.011343,105.8244412,
Bưu điện Tràng Tiền,21.02542,105.853585,
Bưu điện Đồng Xuân,21.0379903,105.8487138,
Phòng khám chuyên khoa Răng Hàm Mặt,21.0124172,105.8497188,
Bưu điện Cửa Nam,21.0278903,105.8424213,
Bưu điện Kim Liên,21.0065216,105.8353822,
Tokyo Tan-Tan,21.0121321,105.8496861,
Bưu điện Trung tâm 1,21.0260817,105.8537314,
Cơm Tấm Tỷ Đô,21.0126551,105.8505824,
Vua Chả Cá,21.0132741,105.8509418,
Wabi Sabi Sushi,21.0133991,105.8509227,
Coffee Chi,21.0129923,105.8505584,
Cơm Lệ,21.0130646,105.8505575,
Cafe Năng,21.0132408,105.8505416,
Bánh cuốn nóng 101 Bà Triệu,21.012338,105.8505177,
SID Coffee,21.0124124,105.8505429,
3am Coffee & Tea,21.0124565,105.8505315,
Khách Sạn Golden Cyclo,21.030567,105.845517,
Khách Sạn Hanoi Imperial,21.0312566,105.849998,
Khách Sạn Hanoi Alibaba,21.0327185,105.8537322,
May Flower,21.0370283,105.848014,
Nhà sách Phật giáo Tịnh Liên,21.0120882,105.8492832,
Salabox,21.0123034,105.8496518,
Anh Thỏ Lú Hair Shop,21.0124578,105.8497555,
Chic-Land,21.0123706,105.8492874,
Mochi Sweets,21.0121871,105.8497137,
Cửa Hàng Spa Eros,20.9698086,105.7882242,
Cửa Hàng Cắt Tóc Đức Sài Gòn,21.0816893,105.7846272,
Hoàng Long Bus Company,21.0386991,105.8516517,
AtBoutique,21.0127219,105.8508615,
Phương Anh Beauty & Spa,21.0129394,105.8509006,
Mai Phan Makeup Artist,21.0130319,105.8509171,
White Rose Bridal,21.0130274,105.8508128,
Sơn Tinh - Hải Sản,21.013421,105.8505733,
Hải Sản Minh Thủy,21.0134386,105.8506117,
HD Boutique,21.0134182,105.8508497,
David Minh Tuân,21.0126966,105.850528,
The MOC Beauty Lab,21.0127533,105.8505567,
Century Luxury Timepieces,21.0123448,105.8508481,
Roxie,21.0123557,105.8506308,
Vintage 1976 Cafe,21.0118844,105.8508053,
Bánh Mì 25,21.0360802,105.8486929,
Bánh Mì 25,21.0361708,105.8487212,
Bún ngon Bình Huyền,21.0126216,105.8505406,
Chân Cánh Gà Rang Muối,21.0126416,105.850261,
Phòng khám Nha khoa & Thẩm mỹ Quốc tế DND,21.0129415,105.8500083,
Cơm Văn Phòng,21.0128836,105.8499762,
Bún - Miến ngan Hạnh Lan,21.0128318,105.8500151,
GPBank,21.0121685,105.8502866,
Bánh Canh Ghẹ Mama's No. 1,21.0119589,105.8500832,
An Coffee,21.0118803,105.8502994,
Dr. Lee,21.0131453,105.8503271,
Phòng khám quốc tế Diosa,21.0129963,105.8500647,
Trà Sữa 172,21.012555,105.8503221,
Yi He Tang,21.0120077,105.8499162,
Tadioto Bar,21.0256893,105.8578211,
Bưu cục Giao dịch EMS Hoàn Kiếm,21.0248007,105.8560267,
Vietcombank,21.0279879,105.8327348,
Phở Bò Yến,21.0421332,105.8424306,
Joma,21.0170438,105.7785438,
Vietcombank,21.0280309,105.8578459,
Nhà Hàng Buffet Sen,21.0246832,105.8566919,
Ăn Vặt Mẹ Sữa,21.025205,105.8573719,
Press Club Hanoi,21.0253337,105.8569897,
Tuấn Minh,21.0119719,105.8508703,
Mai Mai Shoes,21.0120011,105.8508984,
Minjee,21.0120572,105.8508953,
WinMart,21.0067651,105.7961018,
Halei,21.0119939,105.8500426,
Sis Mai Linh,21.0119011,105.8502238,
Phương Hằng,21.0119164,105.8503226,
Xuan Le,21.0124056,105.850261,
Hiếu Nguyễn,21.0128768,105.8502742,
Grand Sport,21.0130014,105.8502625,
Hoàng Hair Salon,21.0130626,105.8499765,
Flannels,21.0124585,105.8502298,
AuViet Beauty Salon & Spa,21.0119656,105.849899,
Le Castella,21.0120387,105.8499044,
TH True Mart,21.0247096,105.856426,
Phú Hưng,21.0248326,105.8560863,
Future Time,21.0247714,105.8562959,
Ngo Minh,21.0247369,105.8563269,
HA LINH THU,21.0247475,105.8563809,
Organica,21.0255339,105.857578,
Pandora,21.024755,105.8566891,
Kimmy House,21.025258,105.8574325,
Lý Club,21.0261699,105.8571125,
Club América Latina,21.0261752,105.8569638,
Caffè Italia,21.0260941,105.8567005,
Le Faubourg,21.0253836,105.8550888,
Casino Crown Poker Club,21.027704,105.8301815,
Delícia Coffee & Lounge,20.975184,105.8119491,
Chợ Cô Dần - Cơm Sườn & Phá Lấu,21.0132031,105.8330408,
Sàn gỗ Nguyễn Kim,21.0499723,105.8050425,
Chùa Đức Hòa - Phật Giáo Nguyên Thủy,21.2264067,105.8935829,
Nhà Hàng Botanica,21.0263544,105.8216239,
Blue Gallery,21.0249365,105.8556143,
Khách Sạn Camellia 4,21.0347412,105.851258,
Trung tâm Sách và Văn hóa phẩm Tràng Tiền,21.0251983,105.8545804,
Rimowa,21.0249015,105.8556785,
Cửa Hàng Thời Trang Davi,21.0156007,105.7987333,
Cutepets - Siêu Thị Chó Mèo,20.9791873,105.7800263,
Cửa Hàng Nội Thất Tiền Đường,21.0827924,105.7819991,
Cửa Hàng Di Động Cellphones,21.0358871,105.791857,
Cửa Hàng Thời Trang Bồng Bềnh,21.0703089,105.8008782,
Trekking Coffee,21.010401,105.8148684,
Thuỳ Chi Art & Yoga,21.0450209,105.7927328,
Trụ Sở Của Xứ Uỷ Bắc Kì,21.0419261,105.8449461,
Cửa Hàng Di Động Cellphones,21.0388162,105.7998388,
Cửa hàng xăng dầu Bách Khoa,21.0019826,105.8493485,
Vietcombank,21.0002986,105.8286054,
XuVi home,21.0331953,105.8012285,
Nhà Hàng Bánh Trắng Hoàng Bèo,21.0145591,105.8048657,
ADCBook,20.9972432,105.8122846,
Kính Mắt Xuân Thuỷ,21.0611837,105.7813363,
Thế Giới Di Động,21.0587443,105.7827577,
Hair Salon Vũ Ánh,21.062004,105.7786864,
V1-Sửa xe Tuấn Sơn,21.0621616,105.7805715,
Cửa Hàng Xăm MD,21.0165887,105.8043548,
Cà Phê Gemini,21.0157387,105.8057259,
Nhà thuốc Nam Cường,21.0098503,105.8361196,
GU Bistronomy,21.0131701,105.8043411,
Cà Phê Lion,21.001284,105.8039288,
Lẩu Gà Ó O - Chicken Hotpot,21.0014898,105.8042979,
Bưu Điện Thanh Xuân Bắc,20.9910172,105.8019257,
Nhà thuốc Minh Tiến,20.9904032,105.8011202,
Cà Phê Yến,20.9799784,105.7954967,
Cửa Hàng Studio 13.7Fotos,20.9835674,105.7923266,
Đèn Trang Trí Macani,21.0141804,105.8039346,
Kính gọng Hàng Thùng,21.0142828,105.8337406,
WinMart,21.0060945,105.8321759,
FPT shop,20.9940516,105.8063459,
Cửa Hàng Laptop Lê Sơn,20.9920385,105.8046391,
Van Export clothing,20.9916998,105.8041807,
Bưu cục Bách Khoa,21.0037079,105.8478062,
Tịnh Cafe,21.0034874,105.8107186,
Cà Phê B59,20.999783,105.8186864,
Youone Hotdog,20.9979589,105.8454858,
Pizza Hut,21.0031239,105.816661,
Cửa Hàng Gà Tươi Mạnh Hoạch,20.9857922,105.8081482,
Bưu Cục KHL Hai Bà Trưng,21.0025185,105.8672343,
Bánh Tráng Phú Cường cơ sở 5,21.0092132,105.8489241,
Chouchi Cafe,20.963517,105.8227178,
Nhà Hàng Kichi Kichi Linh Đàm,20.9635729,105.8228145,
Cây Xăng Vạn Thuận,20.9745938,105.8092199,
Nhà Nghỉ Trường Thuỷ,20.969328,105.7671748,
Khach Sạn Sao Băng,21.0028522,105.8667059,
LEDtech Workshop,20.9984694,105.805231,
COMPLEX 01,21.0106769,105.826811,
Siêu Thị Trần Anh,20.9700253,105.8418973,
Mega Market,20.9858419,105.8407123,
Circle K,21.0027113,105.8448554,
ADCBook,20.9695512,105.8292052,
WinMart+,20.9744364,105.824725,
Circle K,20.9732572,105.8208569,
Duy Shop - 283 Vũ Tông Phan,20.9938783,105.8148445,
The Uranus,21.0023272,105.8334521,
Agribank,21.0298004,105.763536,
Bưu Cục Hàng Cót,21.0379952,105.8462541,
Chops,21.0272224,105.8101527,
Nhà Hàng Hey Pelo,21.036177,105.8083052,
Miến trộn mực,21.0333264,105.852783,
Tủ sách Cái Giếng,21.0119082,105.8112697,
Nhà Hàng Bún Việt,21.0117249,105.8119169,
Smart Hotel,21.0325525,105.7898087,
Khách Sạn Danly,21.0326893,105.8088142,
Nhà 48 phố Hàng Ngang,21.0343278,105.8504388,
Bảo Tàng Hậu Cần,21.0189071,105.7729992,
Khách Sạn Emerald Waters & Spa,21.0349625,105.8503869,
Khách Sạn Central Backpackers - Old Town,21.0376823,105.8520814,
Khách Sạn Box,21.0360245,105.8524028,
Khách Sạn Little Hanoi 1,21.0349064,105.8469543,
Khách Sạn Hanoi Deluxe,21.0346071,105.8472826,
Nhà Khách Drift Backpackers,21.0345089,105.84749,
Khách Sạn Apt Ez,21.0293318,105.8437457,
Khách Sạn Mercure,21.0261665,105.8416648,
Khách Sạn Prince,21.0273109,105.8435309,
Hanoi Aria Central Hotel & Spa,21.0268455,105.8416146,
Khách Sạn Hanoi 3B,21.0342102,105.8535067,
Khách Sạn Hanoi Elegance 2,21.0346906,105.8535697,
Khách Sạn Friendly,21.0347247,105.8533643,
Khách Sạn Golden Wings II,21.0341376,105.8535652,
Khách Sạn Ga,21.0343472,105.8526691,
Khách Sạn Camellia,21.033588,105.852824,
Khách Sạn Art Trendy,21.0349537,105.8480111,
Tu Linh Palace Hotel,21.0364254,105.8470343,
Khách Sạn Indochina Queen,21.0354757,105.8527489,
Khách Sạn Đông Á,21.0353948,105.8533211,
Hanoi Backpackers Hostel Downtown,21.036074,105.8532099,
Oriental Suites Hotel,21.0330899,105.8510332,
Khách Sạn Hanoi Youth,21.0331149,105.8504878,
Khách Sạn Đức Thái,21.0340035,105.8471444,
HappyMom Shop,21.0389899,105.8031721,
Du Lịch Quốc Tế Đại Việt,21.0295631,105.8124578,
Đại lý Xuân Công,21.0459735,105.8044486,
Trung Tâm Thiết Kế Hafele,21.0423741,105.8252136,
Du Lịch Friends,21.0358698,105.8514679,
L's Place,21.03532,105.8141712,
ATM Travel Agency,21.0361142,105.852858,
Siêu Thị T-Mart,20.9753211,105.8361347,
Thai Village,21.0320076,105.8512129,
TOTO Hiền Huệ,21.0459733,105.8034738,
Nội thất Song Lê,21.0459513,105.8033303,
VitalMart,21.011631,105.7989851,
Hoàng Hà Mobile,21.015505,105.8325296,
Uniqlo,21.0256337,105.8518593,
Didongviet.vn,21.0321166,105.8512405,
phở gà Minh Vũ,20.9861756,105.8112437,
nhà hàng hoàng đạt,20.9914321,105.8040871,
VietinBank,20.9941757,105.8074373,
Nhà thuốc Trường Hương,21.0287756,105.7936974,
"JINJU, Quán nước gạo ngon Hàn Quốc",21.0341599,105.8544868,
Smuzi,21.0101675,105.8363349,
V8-Hải Deeal (dán xe),21.0625568,105.7803531,
Joma Bakery Cafe,21.0345791,105.8139822,
The Farmer gardenista,21.0070005,105.8056127,
ACB,21.0499462,105.7823772,
siêu thị 24h ninja mark,20.982949,105.809927,
thời trang nam MASK,20.9860363,105.8087973,
Nhà sách Phương Thu,20.9966836,105.8101915,
sáo trúc mão mèo,20.9944788,105.8069831,
tiệm rèm cửa ZARA,20.9932661,105.8052754,
Ô mai Hồng Lam,21.0095922,105.8355703,
Cửa hàng Vật liệu Phong Anh,21.0459842,105.8011058,
Du Lịch Daiichi,21.0320359,105.8544765,
Patin.vn,21.0492504,105.7818367,
Hải Sư - Cơm Niêu Singapore,21.0270456,105.8244082,
Quán Nhau Tu Do,21.0114172,105.8170179,
V26-Nhà Thuốc Minh Tâm,21.0643,105.7795112,
Nhà Hàng Akaari,21.0297825,105.8369781,
Hey Pelo,21.0612865,105.8317925,
Trà sữa Mixue,20.994641,105.8072684,
She Coffe,21.0078452,105.9369243,
Nhà khách 2,21.0677201,105.7612038,
Khách Sạn Prince,21.0327666,105.8500458,
Sunshine 2,21.0343564,105.8533288,
Khách Sạn Hoà Bình Palace,21.0330675,105.8539845,
Khách Sạn Cozy,21.0324325,105.8537078,
Khách Sạn Classic,21.032831,105.8539652,
salon Hà My,21.0725739,105.7728725,
V29-Ngọc Chiến,21.0645545,105.7794329,
V16-Laptop219,21.0633871,105.7798841,
Hiệu sách Kim Đồng,20.9648538,105.8263902,
JBL,21.0152217,105.8328445,
V23-Vương Tuấn,21.0640312,105.77959,
V27-Tuấn Minh,21.0644104,105.7794782,
VinFast,21.0336177,105.7795912,
Cửa Hàng Giày Hưng Thi,21.0319645,105.853991,
IT Long Biên,21.0619373,105.8937117,
Duy Còi - Garden Cafe & Billard,21.1349943,105.8607542,
Trạm y tế xã Xuân Canh,21.0933795,105.8521434,
Nghè Tư Đình - Đền Quang Cổ,21.0273585,105.8823816,
Nhà Hàng GoldMalt Sài Đồng,21.0387571,105.9044083,
Thung lũng hoa Hồ Tây,21.0743999,105.8197632,
Ô mai Hồng Lam Trương Định,20.9842,105.8460658,
WinMart+,21.0312782,105.9151712,
Spa HB,21.0145467,105.8153735,
Dê Ngon Quán By Chef Thái Râu - 439 Âu Cơ (cơ sở 2),21.077697,105.8202739,
Pharmacy Đức Long,21.0268963,105.8223999,
Vietcombank Tây Hồ,21.0736599,105.812744,
VietinBank,21.0735249,105.8127107,
Jamun Coffee & Bakery,21.0198052,105.7877033,
Chùa Viên Thành,21.1713799,105.8927827,
"nhom6, Tửu lượng quán, T01-15",21.0773675,105.773857,
Nhà hàng,21.0745488,105.7738617,
COZI Lẩu Nướng Bia Hàn Quốc,21.0744071,105.777257,
Út nướng,21.0776548,105.7753143,
"nhom6,T01-14, Cơm Ngon",21.0773776,105.7739715,
Quán cỏ restaurant,21.0725393,105.7772738,
Quán rượu LGBTQ+,21.0742362,105.7735515,
Quán bánh xèo Thanh Nga,21.0760243,105.7735397,
Quán Cay Đức Huệ Bắc Từ Liêm,21.0741525,105.7734917,
Cà Phê Financial,21.0408979,105.7731434,
HD Bank,21.0374706,105.7718343,
Cửa Hàng Xăng Dầu Cổ Nhuế,21.0613988,105.7730135,
Gara Ô Tô Quốc Hùng,21.0821284,105.7835118,
Nhà hàng Quang Trung,21.0836425,105.7782219,
Quán Lẩu Long Cháy,21.0803791,105.7777673,
Thế giới di động,21.0378988,105.772465,
Tiệm bánh Nhật Quang,21.0837499,105.7780387,
nhà trọ 6,21.0703127,105.7737302,
Khách Sạn Inearth,21.0325773,105.7873161,
Grand Plaza Hanoi Hotel,21.0074185,105.7968704,
Lotteria,21.0366156,105.7623583,
Umiga,21.0676759,105.8005476,
V18-Nhà thuốc Đại An 1,21.0635276,105.7797944,
Gốm Sứ Đất Việt,21.1489768,105.5920426,
Cửa Hàng Xe Máy KTM Hà Nội,21.0712801,105.7857795,
L's Place,21.073887,105.8013741,
Cửa Hàng Máy Tính Đức Duy,21.0518703,105.7358539,
Hanvico,21.0151026,105.8329606,
Quách Tuấn Hair Salon,21.0131944,105.8318998,
Namaste Hanoi,21.0261035,105.845192,
Benaras Mantra,21.0241461,105.8557797,
Royal Hotel II,21.0078738,105.7308686,
Chùa Khai Nguyên,21.0696249,105.5050075,
Karaoke Hải Anh,21.1210394,105.4998566,
Mầm non VietHome,21.0052498,105.7331109,
Trường Mầm non Lapland Hà Nội,21.005128,105.73304,
Finland Preschool,21.0051332,105.7337171,
Little Friends 5 Preschool,21.0052203,105.7338429,
Mầm non Edison,21.0076518,105.7309521,
Pizza Hut,20.9969652,105.8683844,
Red Bean Kindergarten,21.0080335,105.7321817,
WinMart+,21.0187082,105.8393586,
Loyal Poker Club,21.0258371,105.822025,
Khách Sạn Little Hanoi 2,21.0272638,105.850907,
Sunway Hanoi,21.0162522,105.8571655,
Tirant Hotel,21.0331407,105.8524023,
McDonald's,21.0054365,105.8040976,
Phòng khám Đa khoa Quốc tế Hà Nội,21.0101268,105.8382699,
Cube Beefsteak & Drinks,21.015498,105.8319741,
Cơm 123,21.0170339,105.8317134,
Moichi,21.0511266,105.8406847,
Lẩu&Nướng Ăndeee - 188 Phó Đức Chính,21.0442652,105.8460809,
Mắt Kính Thanh Lịch,21.029849,105.8465185,
Trung tâm iTplus,21.0088695,105.93683,
Hệ Thống Siêu Thị Mái Ấm Online,21.1183065,105.8142732,
Xưởng Cafe,21.019481,105.8004287,
Santa Barbara Hotel,21.0411871,105.8444866,
Nguyễn Lê Motorcycle,21.047375,105.7484404,
Trivin Sa Ltd,21.0597052,105.8674664,
Nhà Hát Nghệ Thuật Đương Đại Việt Nam - Trung tâm Múa rối nước Bông Sen,21.0285376,105.8511187,
Soft pillow hostel,21.0292555,105.8437402,
North Hotel №2,21.0315599,105.8478692,
Siêu thị Đức Thành,20.9839016,105.859713,
Pizza Hut Hoàng Mai,20.9805134,105.8447621,
Phở Thật,21.0380367,105.8522189,
Siêu thị Điện máy HC,21.069082,105.7859723,
nhà hàng 1,21.0756648,105.7735733,
nhà hàng 2,21.0755523,105.7735703,
nhà trọ 3,21.0705616,105.7739384,
nhà trọ 10,21.0706902,105.7731225,
nhà trọ 5,21.0702886,105.7738349,
nhà trọ 14,21.0708526,105.7734405,
nhà trọ 15,21.0704809,105.7734346,
nhà trọ 18,21.0732685,105.7740326,
nhà trọ 21,21.0736858,105.7744095,
nhà trọ 23,21.0735243,105.7741288,
nhà trọ 24,21.0752383,105.7738092,
nhà trọ 25,21.0752866,105.7738969,
nhà trọ 26,21.0754261,105.7738984,
nhà trọ 27,21.0756072,105.7739544,
nhà trọ 12,21.0706447,105.7733231,
nhà trọ 1,21.0707166,105.7739298,
nhà trọ 9,21.0707543,105.7735493,
nhà trọ 11,21.0707486,105.7732781,
nhà trọ 8,21.0702946,105.7736201,
nhà trọ 2,21.0706371,105.7739412,
nhà trọ 16,21.0733749,105.7738391,
nhà trọ 17,21.0733878,105.7740274,
nhà trọ 19,21.073586,105.7740188,
nhà trọ 20,21.0738024,105.7740117,
nhà trọ 22,21.0735243,105.7740661,
Gỗ An Cường,21.02853,105.7931321,
Vietcombank,21.0253913,105.8215529,
Nhà hàng Hà Đăng,21.0289153,105.7932366,
Nhà Văn hoá Điện ảnh Ngọc Khánh,21.0296723,105.8109987,
Ding Tea,21.0373768,105.7863346,
Texas Chicken,21.036987,105.7862738,
Kuma Pizza,21.0375129,105.7866518,
Mr. Dakgalbi,21.0370464,105.7866107,
Beta Cinemas,21.0372843,105.786598,
Nét Huế,21.0368948,105.7864722,
Symphony Hotel,21.0322714,105.8487166,
Petrolimex,21.0260413,105.859295,
Hà Đăng Mart,21.028823,105.793548,
Honda Nhung Hồng 5,21.2012032,105.8486673,
Honda Tiến Dũng,21.0866286,105.6648147,
WinMart+,21.0064003,105.8357193,
Pizza Hut,21.011391,105.8492805,
BAOVIET Bank,21.0309175,105.8507371,
Agribank,21.0414598,105.8143823,
tổ 15A,20.9867533,105.8110908,
Circle K,21.0002047,105.8220944,
Domino's,20.9635394,105.8232598,
Lotte Cinema Kosmo,21.0684137,105.802223,
Thư viện quận Bắc Từ Liêm,21.0477677,105.7508232,
Phúc Long,20.9763502,105.7896082,
TH True Mart,20.9813125,105.8454849,
Circle K,20.9924391,105.8156902,
Circle K,20.9997582,105.8278619,
Circle K,20.9988468,105.8203626,
K-Market,20.9871963,105.7861003,
K-Market,21.0678847,105.8015644,
TwitterBeans Coffee,21.0068031,105.8035686,
Rạp chiếu phim CGV,21.0361782,105.7822685,
Bếp Thái Koh Yam,21.012437,105.8487786,
Cà phê Hai Bốn,21.0185218,105.8497899,
Góc Phố Cafe,21.0185096,105.8498791,
Neo Cafe,21.01856,105.8495547,
Khách Sạn Little Hanoi,21.0349399,105.8469714,
Veo's,21.0124515,105.848851,
Hoa tươi Hà Anh,21.0185416,105.8497598,
TG Mobile,21.0185252,105.8498325,
Stendhal Beauty Lab,21.0183941,105.8497935,
Viện thẩm mỹ Thiên Hà,21.0183268,105.8494881,
Photocopy In màu Laze,21.0185805,105.8496318,
Giặt là Tràng An,21.0185316,105.8496233,
DeThia,21.0183826,105.8495133,
Canifa,21.0185592,105.8494561,
Phụ kiện Nillkin,21.0167248,105.8509179,
Hương VIP,21.0165743,105.851228,
Nhà hàng Phương Nam,21.0163051,105.8509763,
Bánh Mì Phố Huế,21.0161197,105.8512368,
BIDV,21.0158944,105.8513165,
The Ramen Mafia,21.0101045,105.8506388,
Pizza 4P's,21.0114032,105.8507164,
Dookki,21.0112282,105.8493825,
Kichi-Kichi,21.0112535,105.8496303,
Meiwei,21.0110994,105.8495785,
Giang Restaurant,21.0318993,105.8368576,
An Nhiên,21.0319363,105.8370555,
Hoàng Gia 03,21.0128547,105.803441,
Starbucks,21.034426,105.8542345,
Lunet Art Galerie,21.029912,105.8387223,
Thượng Đỉnh Yến,21.0163734,105.8511946,
Juliette Bridal,21.0164233,105.8512167,
Áo dài Quỳnh Anh,21.0164755,105.8512108,
Thẩm mỹ viện Ngọc Dung,21.0165233,105.8512246,
Hoàng Hà Mobile,21.0159417,105.8512426,
Long Phú Hưng,21.016026,105.8512469,
Gia dụng Sơn Hùng,21.0160714,105.8512379,
Hacchic Couture,21.0159433,105.8509783,
Quyên Nguyễn Bridal,21.0159929,105.8510111,
Linh Nga Bridal,21.0162394,105.8509579,
Thanh Châu,21.0155835,105.8510381,
Đức Hair Salon,21.0156555,105.8510345,
Da Da,21.0156922,105.8510344,
Maido,21.0157675,105.8510262,
Áo Dài Đặng Ly,21.0158034,105.8510139,
XQ Art House,21.0156179,105.8512751,
Le Shop,21.0156629,105.8512567,
Chin Boutique,21.0157115,105.8513184,
La Reine,21.0157769,105.8512716,
PS Fine,21.0158367,105.8512778,
Circle K,21.0104635,105.8501706,
Miniso,21.0112616,105.8502267,
La Casa,21.0319835,105.8368894,
WinMart+,20.974579,105.8360778,
Workshop14,21.0582532,105.8324476,
Highlands Coffee,20.9932057,105.9459678,
ACB,20.9919326,105.9452419,
Sushi Hokkaido Sachi,21.0202197,105.8543053,
Rửa xe Công nghệ Auto,21.0433535,105.7895663,
Phở gà Văn Miếu 17,21.029427,105.8368236,
V2- Nhà thuốc số 9,21.0621946,105.780551,
V13-Ốc nóng Thủ Việt,21.0630532,105.7800962,
V10-Nam Hải(Bún),21.0627763,105.7802289,
Bộ Tư lệnh Cảnh vệ,21.0331374,105.838091,
Tomibun,21.0213583,105.8548727,
Công nghệ Auto,21.0433501,105.7886252,
cửa hàng Flamingo Motorbike Tours / Rentals,21.0349695,105.8530238,
Công nghệ Auto,21.0433514,105.7897351,
Thanh Xuân Nina Flower,21.02947,105.8368413,
Nhà thuốc Vân Sơn,21.0278292,105.8361832,
Thảo Nguyên,21.028251,105.8363843,
V12-Danh Hà Motor,21.0629305,105.7801549,
V14-Sneaker18,21.0631187,105.7800482,
V20-Tân Dung,21.0636993,105.77971,
V24-Đại lý Hương Điệp,21.0641243,105.7795545,
V31-Điện máy Thanh Lý -Mạnh Tuyên,21.0647762,105.7794095,
V15-D-mark,21.0632802,105.7799333,
V7-Shop Chính Nguyên,21.0624891,105.7803941,
Domino's,21.0136614,105.8511822,
McDonald's,21.025385,105.8530718,
VietinBank,20.9835067,105.8504516,
WA GRILL - THỊT NƯỚNG MANG VỀ KÈM BẾP 24H,21.0200535,105.792954,
Phòng khám thú y - Pet venue,21.2088317,105.8493402,
Bún Ngan Cô Tuyết,21.0100991,105.8263379,
Sunshine Heritage Resort,21.0897788,105.6141552,
Bưu Điện Khương Mai,20.9973974,105.8267585,
Bưu điện Thành phố Hà Nội,21.0266979,105.8536733,
Đồ Gỗ Tư Quỳnh,20.7760134,105.9089442,
Pet Mart Đại Cồ Việt,21.0084427,105.8511563,
Cửa Hàng Thời Trang CREW,20.9239832,105.7046173,
Ô mai Hồng Lam Hàng Đường,21.0366359,105.8495982,
Ô mai Hồng Lam Phố Huế,21.0197436,105.8520018,
Ô mai Hồng Lam Bạch Mai,21.0082236,105.851475,
Tiệm Sửa Giày,21.0739763,105.7736595,
In Tem Mã Vạch An Thành,20.9632675,105.7936346,
Cửa Hàng Chăn Ga Đệm Elan Tuấn Linh,20.9624311,105.7894528,
Hiệu Sách Truyện Tiếng Anh Cho Trẻ Lalabookshop,20.9638644,105.827871,
Điện Máy Dũng Doanh,20.9735693,105.8353638,
POS365 - Phần mềm quản lý bán hàng,21.0123068,105.8110781,
Bệnh viện Quốc tế Dolife,21.0334322,105.7714164,
BHD Star,21.0152699,105.7777856,
Especen Hotel,21.029055,105.8485059,
Khánh Lốp,21.0435655,105.7881332,
Cửa Hàng Bún Chả Hương Liên,21.0180504,105.8538843,
VIP Massage Eva,21.0154076,105.8326649,
Nhà Hàng Casa Espana,21.0250978,105.7913936,
Bệnh viện Mắt Việt Nhật,21.0145775,105.8502987,
Bệnh viện thú y Solpet,21.0161237,105.8318572,
iMeatu Korean BBQ,21.0173967,105.8502974,
HC,21.0087369,105.8203227,
Hưu Hạ Space,21.0649991,105.8261518,
Public Bank Vietnam,21.0154565,105.8333708,
Popeyes,21.0019966,105.8463038,
BHD Star Discovery Cầu Giấy,21.0353801,105.7946528,
FujiMart,21.0055645,105.8219659,
Khách Sạn La Siesta,21.0342811,105.8533216,
Kem Hoa Việt,21.0155336,105.8332938,
MasterChef,21.0153814,105.8334507,
Hà Thành Cháo Sườn Sụn,21.0147368,105.8340057,
Nhà thuốc Hải Anh,21.01467,105.8342538,
"Hi, Linh - Bữa Ăn Hoàn Hảo",21.0166385,105.8320461,
Ba Ngọc - Chuyên cá cảnh,20.7885204,105.7922446,
H-Mart,21.0161018,105.8307629,
Gymstore.vn,21.0152628,105.8335329,
Tuyết Nhung Bridal,21.0153074,105.833572,
May Wedding,21.0152122,105.8335647,
Cầm đồ Anh Hưng,21.0151818,105.8335984,
Nijia,21.0151811,105.8336825,
Vua Nệm,21.0151269,105.8337167,
Đô Đô Petshop,21.0155104,105.8333175,
Bep.vn,21.0154135,105.8334252,
Zenlee Patina,21.0152928,105.8334898,
Trà Chanh Xiên Que,21.0147743,105.8340057,
Aristino,21.0146927,105.8340911,
Gomhang.vn,21.0146988,105.834047,
Tech 88 Apple-Store,21.0147377,105.8340484,
Vua Phụ Kiện Số,21.014642,105.8341763,
Bếp Đức Thành,21.0146333,105.8342321,
teddy.vn,21.0150712,105.8337412,
Casio Watch Outlet Store,21.0150473,105.8337801,
SmallApple,21.0149529,105.8338413,
Bếp Vũ Sơn,21.0148622,105.8339369,
Nhật Quang,21.0148284,105.8339535,
KidsPlaza,21.0148322,105.8340206,
Bike 2 School,21.0158244,105.8329418,
SKG by KATA,21.0169662,105.8316936,
Yến Sào Nha Trang,21.016661,105.832019,
Samsung,21.0159871,105.83278,
Garmin,21.0156784,105.833139,
Max One Store,21.0156348,105.8331485,
Giấc mơ sữa Việt,21.015607,105.8331985,
Chilux,21.0175219,105.831031,
Li-Ning,21.016401,105.8324854,
Monnie Kids,21.0162652,105.8325396,
Chewy Junior,21.0162268,105.8325735,
Clickbuy,21.0161624,105.8326781,
Đăng Quang Watch,21.0161167,105.8326759,
QBC Gaming House,21.0162039,105.8327731,
Phone House,21.0166113,105.8320685,
Karalux,21.015832,105.8329911,
Pega,21.0157582,105.8330429,
Wetrip.vn,21.0157102,105.8330964,
Kaylin Clothing,21.0156643,105.8320814,
Phụ kiện Minh Duẩn,21.0172607,105.8312875,
Rèm Sỹ Hương,21.0172922,105.831329,
Đèn Thắng Dư,21.0172405,105.8313479,
Kem 490 Xã Đàn,21.0171194,105.8314326,
Nha khoa Thái Hà,21.0171099,105.8315055,
Nha khoa Sunshine,21.0171081,105.8315771,
FunnyMonkey,21.0171161,105.8314704,
Bánh Tráng Phú Cường Cơ Sở 4,21.0171361,105.7985636,
Cửa hàng thời trang Makaw,21.0557018,105.8354783,
Bưu điện CP16,21.033627,105.8338256,
TÁCH,20.9861129,105.7848904,
Tops Market,20.9832736,105.8085208,
Phở mặn (gầm cầu),21.0391359,105.8482277,
Phở Thìn Bờ Hồ,21.0303491,105.8540297,
Nhà Hàng King BBQ,21.024043,105.8539531,
Phở bò gốc gạo (158 Ngọc Hà),21.0378047,105.8297701,
Bưu Điện Yên Thái,21.0484811,105.8079641,
British Council Thuỵ Khuê,21.0416258,105.8281738,
Cây Xăng Dốc Tam Đa,21.0433351,105.8184609,
Holiday Suites Hotel&Spa,21.0367433,105.8523734,
Luxury Airport Hotel Noibai,21.1982769,105.83269,
Tùng Anh Hair Salon,21.0158096,105.819813,
2T MART,21.0480158,105.810085,
Highlands Coffee,21.029672,105.8278379,
Lẩu Bò Mai Động 24/7,20.9987706,105.8525135,
Minori,21.0294025,105.8090094,
ridebikes.cc,21.0731855,105.8148475,
Hoa lụa nhà trồng,21.0416208,105.8724139,
Trung tâm kính cường lực cũ Phúc Trung Kiên,21.0571467,105.7732403,
Nhà Máy Cọc Bê Tông Chèm,21.0909157,105.7606152,
Lotteria,20.9652544,105.8248332,
Nhà Hàng Chay Cực Lạc,21.0450778,105.8137909,
Dream Beans Coffee,21.033506,105.8447517,
Nhà thuốc Hằng Anh,21.0153155,105.8316307,
Goofoo Gelato,21.016276,105.8317112,
Susu Bánh Bao Thượng Hải,21.016386,105.8315838,
Bún Ốc Hương Xưa,20.9878992,105.7510054,
Hybra Ultra Lounge,21.0356982,105.853259,
Nha khoa Medita,21.0141402,105.8337352,
Nha khoa Thu Hương,21.0149611,105.8317062,
Quỳnh Quán,20.9735521,105.8202606,
Mykingdom,20.9674323,105.8264585,
Honda,20.994343,105.8077915,
Shop 2Anh,21.0155855,105.8311303,
Tóc Đẹp,21.0152169,105.8317221,
Nguyễn Sơn Bakery,21.0163375,105.8316387,
iStorevn,21.0163998,105.8315608,
Múc Mobile Store,21.0164224,105.8315394,
King of Fruits,21.0164611,105.8314881,
Tuấn Vinh,21.0164851,105.8314618,
Lapari Beauty Center,21.0165172,105.8314302,
Phong Thanh,21.0145916,105.8313795,
Cafe Hoàng Tùng,21.0140012,105.8503392,
Cafè Phố Cổ,21.0322358,105.8510679,
Banh Mi Hoi An,21.0340296,105.8516024,
Hải Xệ,21.0348403,105.853869,
Quán Cô Nhàn,21.0364653,105.8515432,
Bánh cuốn gia truyền thanh vân,21.0362825,105.8470163,
Bách Phương - Bún Bò Nam Bộ,21.0322448,105.8467823,
Phở Gia truyền Bát Đàn,21.0336377,105.8463792,
Bánh mì Trâm,21.0282523,105.8425041,
Nhà Phố Hà Nội 437 Hồng Hà Sinsoledad,21.03648,105.8542595,
Somerset Grand Hanoi,21.0258326,105.8463672,
Hanoi Blue Sky,21.0369374,105.8472445,
Quyen Pham,21.0146669,105.8497849,
Nuoc Mia,21.030141,105.8454024,
S'Patisserie,21.0255546,105.8525989,
Phở bưng Hàng Trống,21.0313423,105.8493056,
Rạp chiếu phim CGV,21.0525958,105.7803871,
Paolo & Chi Pizzeria Old Quarter,21.0360908,105.8521843,
Gau Coffee & Bakery,21.0317249,105.8496545,
KEM MIXUE,21.261355,105.8534708,
El Gaucho,21.0244842,105.8563607,
Nhà Hàng Blue Butterfly,21.0347487,105.8535038,
Snow Island Coffee,21.0072548,105.7941104,
Lotte Cinema Thăng Long,21.007102,105.7930253,
Phở Thìn Béo,21.015372,105.83269,
Chuyển phát nhanh Văn Minh,21.0152833,105.8327861,
Bún Cá Rô Đồng Hương Quỳnh,21.0154663,105.8326002,
VIP Dentist,21.0151296,105.8329247,
Bún Sườn Chua 63,21.0151648,105.8329047,
Takoyaki,21.0389067,105.7854561,
Đình Làng Văn Tinh,21.0906632,105.8504764,
The Youth AOF,21.0736775,105.7733317,
Coffe Number 1,21.0742461,105.7732329,
Highlands Coffee,21.0410354,105.7902666,
Fin House - Buffet Lẩu Thái,21.0768757,105.7732338,
345,21.078169,105.7756127,
Lẩu Nướng Bay,21.0747195,105.7734294,
Lẩu I One,21.0742564,105.7771866,
Lẩu Nướng Huyền Anh,21.0777341,105.7755277,
Fin BBQ - Buffet Thịt Nướng,21.0744328,105.7734835,
Khách Sạn Hanoi Serenity Diamond,21.0344096,105.8467548,
Meez Jewelry,21.0155736,105.8324832,
Goldkarat,21.0155335,105.8325056,
ADJ,21.0154377,105.8326335,
Klever Fruit,21.0153429,105.8327213,
Bếp NK,21.0152582,105.8328222,
Rau Má Tươi,21.0151928,105.8328757,
Ace Watch,21.0150727,105.8329864,
KT Atlantic,21.015013,105.8330427,
An Nhiên,21.0149805,105.8330808,
Tuyết Lê,21.0149431,105.8331219,
Doll Eyes,21.0150417,105.8330136,
Caraluna,21.0153065,105.8327515,
bách hóa,21.0714818,105.7725963,
Nhà Hàng Heritage,21.0331145,105.8391403,
d,21.0730862,105.7726483,
Nhà hàng Tadibar,21.0191687,105.793509,
Steel Coffee,21.0758019,105.7735223,
Cà Phê Tom,21.0757385,105.772247,
Cơm Ông Bình,21.0675911,105.7620797,
Cafe Mộc,21.0057539,105.8458586,
KOPee coffee,21.0058763,105.845829,
"Máy Photocopy TNT, đại lý máy photo giá rẻ",20.9711523,105.8260919,
Tiệm Bánh Tình Thân,21.0746898,105.7735745,
Thời Trang Công Sở EVY,21.0390051,105.7923581,
Thẩm mỹ Huy Hoàng,21.0182105,105.8237429,
Mỹ Phẩm Jesse Store,21.0771397,105.7737717,
Công Ty TNHH TM Tổng Hợp Thanh Phương,21.0617755,105.7779765,
LUCIANA,21.030888,105.8466716,
EBD Book,21.0095079,105.8378024,
Shop Áo Phông Trắng Trơn Authentic,21.0106075,105.823954,
Đức Tài Photocopy,21.005915,105.8458316,
Phở Bò 149,21.0173841,105.8315492,
Nhà thuốc số 9,21.0173423,105.8315949,
Nhà thuốc Bảo Phúc II,21.0170633,105.8318618,
Pizza Hut,20.9642392,105.7718101,
May's Studio,21.0239756,105.8327453,
VIB Xa La,20.9622995,105.7941262,
Charis Beauty & Spa,21.0172833,105.8316676,
Lyly Đặng,21.017034,105.8318938,
Hair Salon 1993,21.0170246,105.8319349,
Spa Mỹ Á Beauty & Clinic,21.0167398,105.8322029,
Hair Salon Anh Tuấn,21.0153534,105.8335582,
Hair Salon Bảo Ngọc,21.0148892,105.8340164,
Hải sản Quảng Ninh,21.0148309,105.8340887,
fLeuriste amusée,21.0110178,105.8269015,
IVY Luxury,21.0169578,105.8320239,
Bưu Điện Hoàng Quốc Việt,21.04587,105.79117,
Cơm niêu Singapore KOMBO,21.0102427,105.8358985,
Quạc Mía Mix,21.0094016,105.8348681,
Kichi-Kichi,21.0093544,105.8348078,
Cà Phê Chợ - Trung Tự,21.0108368,105.8310086,
Cà Phê Gemax,21.0109309,105.8310692,
Phở Lý Quốc Sư,21.0109743,105.831105,
Pizza Hut,21.0139665,105.8340501,
Cafe'CITO,21.0104261,105.8361029,
AHA Cafe,21.0104003,105.836079,
Nha khoa Khanh,21.0095931,105.835106,
Cơm niêu Tố Uyên,21.0081435,105.8333252,
Ốc Lan Béo Hải Phòng,21.0077784,105.832703,
Somerset Hoa Binh Hanoi,21.0465195,105.7950819,
Loire,21.0103245,105.8359978,
Her Studios,21.0102953,105.8359649,
Medyla,21.0102695,105.8359298,
Đầm bầu Mom Baby,21.0101284,105.8357849,
Ngọc Trần,21.009692,105.8352277,
TokyoLife,21.0096477,105.8351774,
Everon,21.009385,105.8348458,
SMG,21.0100218,105.8356532,
JM Dress Design,21.0099926,105.8356155,
Bestmum Materinity,21.0099538,105.8355687,
Tiin,21.0099314,105.835538,
Charme,21.0099044,105.8355036,
ilaby Kids,21.0098591,105.8354452,
Circle K,21.0126738,105.8326173,
ShopDunk Care,21.0139659,105.8339731,
mint Cosmetics,21.010349,105.836028,
Đầm bầu Minh Huệ,21.0101113,105.835764,
Moonchic,21.0100877,105.8357332,
Đồ sơ sinh Ếch Cốm,21.0096158,105.8351386,
D.Chic,21.0094559,105.8349379,
Oyster,21.0094295,105.8349088,
WinMart+,21.00862,105.833912,
Madelen,21.0085884,105.8338829,
blink,21.0085543,105.8338394,
Fresh Garden,21.0084537,105.8337179,
Dũng Phương,21.0084188,105.8336695,
Origato,21.0083878,105.8336306,
Phan Nguyen Men Wear,21.008356,105.8335924,
Hapas,21.0083254,105.8335523,
Genviet Jeans,21.0082984,105.8335217,
Owen,21.0082705,105.8334832,
Winny,21.0082462,105.8334515,
Onetone,21.008211,105.8334096,
Lalin,21.0081894,105.833382,
Mymy Shoes,21.0081637,105.833349,
Anchy,21.0081238,105.8332929,
JM Dress Design,21.0080299,105.8332146,
Bunny Shoes,21.0079552,105.8331234,
Thai Trinh,21.0077474,105.8328667,
DZ Collections,21.0077254,105.8327579,
Trung tâm Nghiên cứu và Ứng dụng Y học cổ truyền CTA,21.0511017,105.790782,
Ficado Coffee,21.046902,105.7832036,
Quầy thuốc Bảo An số 1,21.0471298,105.7831976,
The Coffee House,21.0499507,105.782521,
Bánh mì Anh Tuấn,21.0127468,105.8323414,
Ding Tea,21.0103138,105.8365182,
Cafe Muối,21.0102855,105.8364829,
Mongo Tea & Ice Cream,21.0102586,105.8364441,
Bánh mì Phố,21.0099118,105.8360645,
Chim Xinh Quán,21.0098808,105.8360911,
Of Him Coffee,21.0098283,105.8361421,
Nhà thuốc Trần Thanh,21.0095505,105.8355154,
Pate Cột Đèn,21.0095012,105.8354522,
The Cha,21.0093422,105.8352718,
Câu Lạc Bộ Kickfit,21.0083245,105.8342788,
Tmore - Tiệm Trà Chanh,21.0083674,105.8341949,
Phê La,21.0087906,105.8346209,
Can thiệp sớm Hùng Vương,21.0484256,105.7841756,
Nhà thuốc Anh Đức,21.0127084,105.8323841,
Healthy & Beauty Việt Nam,21.0488962,105.7841221,
Thế Giới Áo Da,21.0098062,105.8353762,
SammiShop,21.0092128,105.8346435,
Twenty.Five,21.0090146,105.8344017,
Friday,21.0089074,105.83427,
Mialala,21.0088816,105.8342363,
LEP',21.0088361,105.8341831,
Rechic,21.008799,105.8341398,
Phụ kiện Hà Xinh,21.0087787,105.8341173,
Bee Shoes,21.0079125,105.8330666,
Daisy,21.0078772,105.8330191,
Potato Fashion,21.0078463,105.8329746,
Germe,21.0078164,105.8329375,
Glam Accessories,21.0076951,105.8327863,
Triumph,21.0077198,105.8328254,
Vincom Plaza Bắc Từ Liêm,21.0527996,105.7809996,
Sửa xe máy Tiến Mạnh,21.0497216,105.7830527,
Circle K,21.0464291,105.7832554,
Milan Home,21.0464733,105.7831702,
Kärcher,21.0464749,105.7829664,
Bami Sami,21.0101878,105.8363638,
Xóm Thơm,21.0100968,105.8362487,
Clever Collection,21.0100259,105.8361545,
My Kingdom,21.0099966,105.8361205,
MIAH Bigsize,21.0099682,105.8360821,
Zio Hair Salon,21.0097927,105.8361759,
TokyoLife,21.0098168,105.835832,
Curnon Watch,21.009781,105.8357962,
Key,21.0097279,105.8357355,
Hanosimex,21.0096907,105.8356928,
Cocolux,21.009667,105.8356616,
Viettien,21.0096195,105.8356004,
Bác Tôm,21.0095702,105.8355423,
Feelsy,21.0095232,105.8354801,
Shop Mai Hường,21.0094834,105.8354313,
Hala Fruit,21.0094607,105.8354039,
ACE Kid fashion,21.0094336,105.8353758,
Ngọc Vân Kids,21.0093204,105.8352383,
H.Ladies,21.0092914,105.8351958,
ChicMom,21.0092614,105.8351572,
Joamom,21.0092388,105.8351257,
Ciara,21.0092209,105.8350976,
HanoiBra,21.0087286,105.8345342,
tingoan,21.0087054,105.8345009,
Đầm bầu Mom Baby,21.008632,105.8344063,
Yến sào Sài Gòn,21.0084722,105.8343431,
Hàng tiêu dùng - nhập khẩu Lào - Thái Lan,21.0084201,105.8342684,
Joamom,21.0086788,105.8344679,
Soleil Room,21.0089412,105.8347619,
Kate by Linh Nguyen,21.008658,105.8344386,
Spa Mai Lê,21.0485018,105.7841769,
Pháp phục Phật giáo Việt Nam,21.048584,105.7842575,
nana21,21.0135364,105.8316207,
WinMart+,21.0127766,105.8323349,
Hair Salon Đàm Việt,21.0133537,105.8317871,
Cine Cafe,21.0133633,105.8315728,
Cha Tra Thai,21.0182922,105.8288805,
Cà Phê KoPee,21.019129,105.8251761,
Nha khoa Mỹ,21.009151,105.8350212,
Oh! Ze,21.0090783,105.8349323,
Cing Hu Tang,21.0083355,105.8341594,
Đô Đô,21.0089942,105.8348302,
Moon Cafe,21.0131788,105.8317593,
Cafe Kỳ Ngộ,21.013063,105.8318708,
Trường Đại học Công nghệ Đông Á,21.0400027,105.741891,
Đài Truyền hình Kỹ thuật số VTC,21.0026744,105.8639683,
Tamaya,20.9833258,105.8424762,
Nhà Hàng Sio Sushi,21.016746,105.8239549,
Xưởng Cafe Hoàng Cầu,21.016033,105.8200804,
Yu Tang,21.0311318,105.8507802,
Green Spa,21.0129643,105.8321093,
Biliev,21.0091758,105.8350443,
Nữ Hoàng Đầm Bầu,21.0091067,105.8349662,
Hồng Hà,21.0090489,105.8348892,
Hàng Đức Phương Thúy,21.0100759,105.836223,
Hoang Anh Diamond Luxury,21.0100515,105.8361891,
H.I.U,21.00976,105.8357724,
Fruity Happy,21.0083915,105.8342336,
For Me,21.0087717,105.8345925,
QuinShop,21.0087508,105.8345644,
Medyla,21.0089714,105.8347995,
VinFast,21.0403255,105.7409573,
VinFast,20.9525789,105.7514049,
BMW,21.0498239,105.7820214,
VinFast,21.0716227,105.784862,
Phụ kiện điện thoại Rồng Vàng,21.0142262,105.8338023,
501 Coffee,20.9862022,105.8142353,
Nhà Hàng Bia Tươi Thanh Hoàng,20.8842964,105.5788403,
Bún Chả Sinh Từ,21.0110316,105.8311756,
Aventus Coffee,21.0090302,105.8019608,
Highlands Coffee,21.0188481,105.8249754,
Highlands Coffee,21.1131476,105.8282026,
New Day,21.0095676,105.8350713,
Calie,21.0095279,105.8350267,
Liin,21.0094845,105.8349775,
Shop Phan Ngân,21.0091918,105.8346188,
seo,21.0091764,105.8345985,
Leika,21.0091459,105.834559,
Triumph,21.0091168,105.8345208,
Celi,21.0090646,105.8344624,
Klever Fruit,21.0090385,105.8344307,
Cosmo Design,21.0085147,105.8337919,
Lemia Design,21.0089886,105.8343722,
May Boutique,21.0089568,105.8343286,
Ha Huyen Shoes,21.0089306,105.8342959,
Linstore,21.0080114,105.833193,
Venus Charm,21.0079844,105.8331623,
Flane,21.0100656,105.8357051,
Yame,21.0100424,105.8356762,
Ngọc Hà,21.0169808,105.8319523,
Đồ Si Kiện Tuyển,21.0168931,105.8320832,
1977 Station Cafe,21.0321609,105.8450575,
Gold Coffee,21.0316839,105.8449493,
Coffee Như Ý,21.0315299,105.8449144,
Railway Tuan Cafe,21.0303622,105.8444296,
Ga Đông Dương,21.0302667,105.8443151,
20 Railway,21.0318996,105.8449982,
24 The Small Station,21.0318501,105.844987,
Choo Choo Coffee,21.0304973,105.8443851,
Coffee Vân 78,21.030825,105.8446308,
Eisenbahn Kaffee,21.0302301,105.8442768,
Sixty Six Coffee,21.0310906,105.8447649,
mincolin,21.0319265,105.8450043,
76 Train Street,21.030866,105.8447789,
74 Train Street,21.0308949,105.8447914,
Coffee - Cold Beer,21.0317955,105.8449746,
The Train Since 1881,21.0310496,105.8447475,
Coffee 64,21.0311225,105.844784,
Nhà Lê,21.0304543,105.8445156,
Hảo Hảo Coffee,21.0307662,105.8447321,
Giao’s Coffee,21.0319744,105.8450152,
Càfê Vân,21.0308329,105.8447647,
34 Railway,21.0316301,105.8449371,
Coffee - Sân Ga,21.0311723,105.8448038,
72 Train Street,21.0309202,105.8448023,
Cat Coffee,21.0312755,105.8448511,
Hanoian,21.0320721,105.8450374,
Coffee Bends 84,21.0307228,105.8445654,
Cofee 70,21.0310127,105.8447314,
Coffee Station 16,21.0319515,105.84501,
Cafe Bắp 42,21.0314535,105.844897,
90 Đường Tàu,21.0305911,105.8444622,
May Hanoi Cafe,21.0303668,105.8442566,
Coffee 54 - 58,21.0312458,105.8448357,
An An Coffee,21.0304528,105.8443413,
Coffee Chill 96,21.0305249,105.8444122,
Ga Đông Dương,21.0307094,105.8447002,
Choo Choo Coffee,21.0305012,105.8445553,
Hảo Hảo Coffee,21.0307886,105.8446075,
Coffee Bình Minh,21.032012,105.8450237,
Huyền Coffee,21.0321309,105.8450507,
Cà Phê Ga Đông Dương,21.0302894,105.8441804,
Coffee Chill 96,21.030535,105.8445852,
70 Train Street,21.0309507,105.8448153,
Ann Coffee & Tea,21.0313012,105.8448568,
Coffee 40,21.0314864,105.8449045,
Ms Hương Ly,21.0314167,105.8448887,
Ga Đông Dương,21.0306105,105.8446379,
Phòng khám Tai Mũi Họng 789,21.0247631,105.7715702,
Bưu điện Quốc tế,21.0261709,105.8536135,
Gowhere Hanoi,21.0259464,105.8379641,
Ly Fox Shop,21.0256965,105.8345688,
Hanoi Happy Tour,21.0305652,105.8444437,
Hanoi Train Street Travel,21.0303137,105.8443693,
The Sinh Cafe Tour Online,21.0315758,105.8449248,
Maori Tattoo,21.0313902,105.8448827,
Hanoi Train Street Travel,21.0306904,105.8445447,
Điện dân dụng Oanh Khánh,21.0302266,105.8440774,
Supremacy,20.9877755,105.7969824,
Dental 365,21.0127133,105.8033517,
"Thiện Điện Thoại, Thiện Phụ Kiện",20.986922,105.5357599,
WinMart+,21.0684473,105.8023371,
Tổ dân phố 7 phường Điện Biên,21.033553,105.833468,
Phố nướng xứ Lạng,21.0390476,105.8467609,
Trạm Xăng Dầu Số 31,21.037803,105.8084292,
Quán Cơm Mậu Dịch,21.0455452,105.8405476,
Papa's Dessert Café,21.0320283,105.8370694,
Hermanas,21.0320924,105.8370422,
Bia Bắc Sơn,21.038392,105.8311299,
X Coffee 11 Huy du,21.0359485,105.7656068,
Nhà Hàng Fabrik,21.0438777,105.8378849,
Pizza Hut,21.0303431,105.8159146,
Kitaguni,21.0292029,105.8074289,
Ofukuro,21.0285111,105.806208,
Nhà thờ Giáo xứ Giảng Võ,21.0242512,105.8147196,
Cà Phê Helio Daewoo,21.0311501,105.8128497,
Trung Hoa Đệ Nhất Sủi Cảo,21.0292976,105.8123813,
Win Bridge & Poker Sport Club,21.0478774,105.8422406,
Cà Phê All Day,21.0410541,105.8446562,
Gà Mạnh Hoạch,21.0271124,105.8222498,
Izakaya Yancha,21.0294166,105.8090898,
Shichifuku Hanoi,21.0330453,105.8068682,
T+ Beer Club,21.0239192,105.8199492,
Nhà Hàng Bia Mộc Lâm 2,21.0327287,105.8095646,
Nhà Hàng & Cà Phê EMM's,21.0270206,105.8222252,
Nhà Hàng Bia Hơi Hải Xồm,21.0344004,105.811264,
Nhà Hàng Hàng Bánh Poeme,21.0198815,105.8170605,
BIDV,21.0195062,105.8166365,
Highlands Coffee,21.0246891,105.8190193,
Street Sushi,21.0348271,105.810956,
Nhà Hàng Bếp Mường,21.027178,105.8171936,
Vũ Kiều Tú / Sen Trang An / Cumulus,21.0327728,105.8539006,
May de Cuisine,21.0340257,105.8535075,
Đài quan sát Lotte Skywalk,21.0322019,105.8123288,
Win Hotel,21.0314317,105.8502016,
Khách Sạn First Eden,21.0417959,105.8451291,
Khách sạn Bình Minh,21.0260095,105.8160956,
SkyLark Hotel,21.0399953,105.8452644,
Media Central,21.0341357,105.8513362,
WinMart,21.02091,105.8278952,
AEON MaxValu,20.990925,105.8142339,
Circle K,21.0455372,105.8432583,
Cửa Hàng Thời Trang Nam Mr.Luan,21.0307462,105.8254457,
EAP,21.0332168,105.8375834,
Ô mai Hồng Lam Đào Tấn,21.0330278,105.8069125,
Pet Mart Kim Mã,21.0318491,105.8246645,
Thẩm Mỹ Sen,21.0332109,105.8065326,
Spa July,21.0285149,105.8108051,
Siêu thị điện máy Mediamart,21.029254,105.8123132,
Cửa Hàng Clever Changes,21.0419654,105.8201847,
Siêu thị Thuốc Việt,21.0197554,105.8174783,
Hoa Nhà Min - Cửa Hàng Hoa Tươi Nghệ Thuật,21.0298681,105.8271814,
Siêu Thị Annam Gourmet,21.0639402,105.8280816,
Trung Tâm Mua Sắm Syrena,21.064144,105.8280612,
Vietcombank,21.0034051,105.8364272,
Hoa Viên Craft Brewery,21.0177804,105.8587185,
Phở Thìn 1979,21.0337897,105.8350287,
NB Hostel,21.0629582,105.827684,
Euphoria Hotel / Label6 Studio,21.0631866,105.827599,
Tink Shop,21.0079893,105.8258076,
AEON MaxValu,20.9533568,105.9389933,
Rạp Phim CGV,20.9635576,105.8228876,
Izakaya Unatoto,21.0296837,105.8105812,
Nhà Hàng Hồ Tây Sushi,21.0444866,105.8180573,
Starbucks,21.0147137,105.7772099,
Cộng Cà Phê,21.0144708,105.776872,
Bún Ngon,21.0125427,105.8505161,
Tokachiya Ramen,21.0291169,105.8069828,
Itaewon Dakgalbi,21.0291148,105.8066682,
Phở bò Đức Khôi,21.0364989,105.8462128,
Thu Cúc TCI Thanh Xuân,20.9992267,105.8141044,
Nhà Hàng Highway 4,21.029439,105.8092811,
Helios Auto Detailing,20.9836509,105.7801703,
FPT Shop,21.009998,105.8516645,
WinMart+,21.0019191,105.8424356,
Viettel,20.9799532,105.8189481,
Circle K,20.9943485,105.8067668,
Thế Giới Di Động,20.9940357,105.8063115,
30 Shine,20.9938712,105.8060514,
Cửa Hàng Thời Trang Baza,20.9923765,105.8039596,
Skyline Coffee,21.0167236,105.8211964,
Petrolimex,21.0444482,105.8461178,
Youone Hotdog,21.0226916,105.807599,
Youone Hotdog,20.986858,105.7970406,
Youone Hotdog,21.0191363,105.8282933,
BIDV,20.9994636,105.8285192,
Micasa - Tea & Coffee,21.008974,105.9668914,
Bún Đậu Phố Cổ,21.0229285,105.8161781,
The Coffee House,21.0673752,105.8010399,
Đảng uỷ - UBND phường Đội Cấn,21.0343738,105.8306015,
Circle K,21.0111154,105.8305996,
Luckin Mart,20.9799249,105.8189905,
L’s Place,21.0298041,105.8567249,
L's Place,21.0243493,105.8465325,
Honda Head Vũ Hoàng Lê #1,20.9757181,105.782519,
Thế Giới Di Động,20.9927228,105.8136674,
Điện Máy Xanh,20.9862069,105.8142257,
WinMart+,20.9790995,105.8206071,
WinMart+,20.9878691,105.8128848,
WinMart+,20.9924735,105.8136051,
Thế Giới Di Động,20.9839669,105.8155948,
Homefarm,20.9869139,105.8131521,
Cửa hàng Bia hơi Hà Nội,21.0417403,105.8216323,
Trần Huê Art Gallery,21.0305784,105.8446155,
Pizza Hut,21.0504678,105.8932462,
Duck Bank,21.0659731,105.7812814,
COffee21,21.0668179,105.7816599,
Trường Đại học Khoa học và Công nghệ Hà Nội,21.048152,105.8011776,
BILL THANH,21.1986075,105.8464351,
Sakura Montessori,21.0144088,105.7823979,
VietinBank,21.0155361,105.782979,
Hà Đăng Mart,21.0151651,105.7825427,
Nhà hàng MAISON,21.0168259,105.8212533,
WinMart+,21.0238652,105.841142,
Grand Vin de Bordeux,21.0129672,105.8198704,
Wine Garden,21.0185665,105.7953763,
Siêu thị thực phẩm chức năng GPCare - Cơ sở 3 - 65B Trần Hưng Đạo,21.0216211,105.8494073,
Rửa xe Công nghệ Auto,21.043355,105.7884082,
Cà Phê Giảng - Cà Phê Trứng,21.033606,105.8546223,
V33-Bún chả 309,21.0649573,105.7793907,
V34-Lớp mẫu giáo độc lập,21.0652565,105.7793815,
Đồng hồ hiệu,21.0084719,105.7802367,
Miana Outlet,21.0093949,105.8507884,
Tmart,20.9913639,105.8132939,
Tmart,20.9865313,105.8140295,
V35-Tiệm bánh Minh Quang,21.0653593,105.7793688,
V32-Hair salon Q Luyện,21.0648221,105.7794184,
BIDV,21.0116945,105.8494932,
Cà Phê Cốt Dừa Cô Hạnh - Cơ Sở Nguyễn Khang,21.0225082,105.7990438,
Tadian,21.0361283,105.8465959,
Quán Bia Giang Trọc,21.0388835,105.82134,
Ô mai Hồng Lam Nguyễn Chí Thanh,21.0251334,105.8110502,
Cà Phê Gather Wellness Complex,21.0212867,105.8468216,
Đình Cổ Vũ,21.0316547,105.8499022,
Tous les Jours,21.0044803,105.7989924,
GO!,21.0075494,105.793202,
Nuru Massage Vip,21.0381617,105.7997585,
Chops,21.0625869,105.8291428,
GO!,21.0508114,105.8932747,
Vincom Plaza Skylake,21.0202008,105.7812518,
Vincom Center Metropolis Liễu Giai,21.0314958,105.8150707,
WinMart+,20.9823231,105.8159267,
TH True Mart,20.9822941,105.8159644,
